Player,Pos,School,Con
Fernando Mendoza,QB,Indiana,1
Arvell Reese,LB,Ohio State,2
David Bailey,EDGE,Texas Tech,3
Jeremiyah Love,RB,Notre Dame,4
Sonny Styles,LB,Ohio State,5
Caleb Downs,S,Ohio State,6
Francis Mauigoa,OT,Miami (FL),7
Carnell Tate,WR,Ohio State,8
Rueben Bain,EDGE,Miami (FL),9
Mansoor Delane,CB,LSU,10
Jordyn Tyson,WR,Arizona State,11
Spencer Fano,OT,Utah,12
Makai Lemon,WR,USC,13
Monroe Freeling,OT,Georgia,14
Olaivavega Ioane,IOL,Penn State,15
Kenyon Sadiq,TE,Oregon,16
Jermod McCoy,CB,Tennessee,17
Dillon Thieneman,S,Oregon,18
Kadyn Proctor,OT,Alabama,19
Keldric Faulk,EDGE,Auburn,20
Akheem Mesidor,EDGE,Miami (FL),21
Omar Cooper Jr.,WR,Indiana,22
Kevin Concepcion,WR,Texas A&M,23
Blake Miller,OT,Clemson,24
Denzel Boston,WR,Washington,25
Emmanuel McNeil-Warren,S,Toledo,26
Caleb Lomu,OT,Utah,27
Kayden McDonald,DL,Ohio State,28
Max Iheanachor,OT,Arizona State,29
Peter Woods,DL,Clemson,30
T.J. Parker,EDGE,Clemson,31
Ty Simpson,QB,Alabama,32
Colton Hood,CB,Tennessee,33
Cashius Howell,EDGE,Texas A&M,34
Chris Johnson,CB,San Diego State,35
Avieon Terrell,CB,Clemson,36
Malachi Lawrence,EDGE,UCF,37
C.J. Allen,LB,Georgia,38
Zion Young,EDGE,Missouri,39
Chase Bisontis,IOL,Texas A&M,40
Jacob Rodriguez,LB,Texas Tech,41
Emmanuel Pregnon,IOL,Oregon,42
Jadarian Price,RB,Notre Dame,43
Caleb Banks,DL,Florida,44
Brandon Cisse,CB,South Carolina,45
Christen Miller,DL,Georgia,46
R Mason Thomas,EDGE,Oklahoma,47
Eli Stowers,TE,Vanderbilt,48
Anthony Hill Jr.,LB,Texas,49
Gabe Jacas,EDGE,Illinois,50
Keylan Rutledge,IOL,Georgia Tech,51
Treydan Stukes,CB,Arizona,52
D'angelo Ponds,CB,Indiana,53
Chris Bell,WR,Louisville,54
Lee Hunter,DL,Texas Tech,55
Germie Bernard,WR,Alabama,56
Chris Brazzell,WR,Tennessee,57
Jake Golday,LB,Cincinnati,58
A.J. Haulcy,S,LSU,59
Derrick Moore,EDGE,Michigan,60
Josiah Trotter,LB,Missouri,61
Gennings Dunker,OT,Iowa,62
Mike Washington Jr.,RB,Arkansas,63
Keionte Scott,CB,Miami (FL),64
Zachariah Branch,WR,Georgia,65
Caleb Tiernan,OT,Northwestern,66
Keith Abney II,CB,Arizona State,67
Domonique Orange,DL,Iowa State,68
Antonio Williams,WR,Clemson,69
Max Klare,TE,Ohio State,70
Kyle Louis,LB,Pittsburgh,71
Dani Dennis-Sutton,EDGE,Penn State,72
Ted Hurst,WR,Georgia State,73
Connor Lew,IOL,Auburn,74
Elijah Sarratt,WR,Indiana,75
Malachi Fields,WR,Notre Dame,76
Romello Height,EDGE,Texas Tech,77
Jalon Kilgore,S,South Carolina,78
Davison Igbinosun,CB,Ohio State,79
Gracen Halton,DL,Oklahoma,80
Bryce Lance,WR,North Dakota State,81
Skyler Bell,WR,UConn,82
Garrett Nussmeier,QB,LSU,83
Malik Muhammad,CB,Texas,84
Keyron Crawford,EDGE,Auburn,85
Bud Clark,S,TCU,86
Joshua Josephs,EDGE,Tennessee,87
Jaishawn Barham,LB,Michigan,88
Sam Hecht,IOL,Kansas State,89
Oscar Delp,TE,Georgia,90
De'Zhaun Stribling,WR,Mississippi,91
Logan Jones,IOL,Iowa,92
Kamari Ramsey,S,USC,93
Zakee Wheatley,S,Penn State,94
Jonah Coleman,RB,Washington,95
Jake Slaughter,IOL,Florida,96
Markel Bell,OT,Miami (FL),97
Jalen Farmer,IOL,Kentucky,98
Darrell Jackson Jr.,DL,Florida State,99
Carson Beck,QB,Miami (FL),100
Deion Burks,WR,Oklahoma,101
Daylen Everette,CB,Georgia,102
Chandler Rivers,CB,Duke,103
Devin Moore,CB,Florida,104
Emmett Johnson,RB,Nebraska,105
Drew Allar,QB,Penn State,106
Julian Neal,CB,Arkansas,107
Sam Roush,TE,Stanford,108
Genesis Smith,S,Arizona,109
Brian Parker II,OT,Duke,110
Brenen Thompson,WR,Mississippi State,111
Dametrious Crownover,OT,Texas A&M,112
Justin Joly,TE,NC State,113
L.T. Overton,EDGE,Alabama,114
Austin Barber,OT,Florida,115
Eli Raridon,TE,Notre Dame,116
Kaleb Proctor,DL,Southeastern Louisiana,117
Deontae Lawson,LB,Alabama,118
Kaleb Elarms-Orr,LB,TCU,119
Ja'Kobi Lane,WR,USC,120
Tyler Onyedim,DL,Texas A&M,121
Travis Burke,OT,Memphis,122
Will Lee III,CB,Texas A&M,123
Chris McClellan,DL,Missouri,124
Kage Casey,OT,Boise State,125
Cole Payton,QB,North Dakota State,126
Trey Zuhn III,OT,Texas A&M,127
VJ Payne,S,Kansas State,128
Michael Trigg,TE,Baylor,129
Drew Shelton,OT,Penn State,130
Tacario Davis,CB,Washington,131
Jude Bowry,OT,Boston College,132
Rayshaun Benny,DL,Michigan,133
Ephesians Prysock,CB,Washington,134
Zane Durant,DL,Penn State,135
Zxavian Harris,DL,Mississippi,136
Anthony Lucas,EDGE,USC,137
Nick Singleton,RB,Penn State,138
Billy Schrauth,IOL,Notre Dame,139
Bryce Boettcher,LB,Oregon,140
Taylen Green,QB,Arkansas,141
Beau Stephens,IOL,Iowa,142
Keyshaun Elliott,LB,Arizona State,143
Harold Perkins,LB,LSU,144
Kaytron Allen,RB,Penn State,145
Isaiah World,OT,Oregon,146
Jack Endries,TE,Texas,147
Jadon Canady,CB,Oregon,148
Dontay Corleone,DL,Cincinnati,149
Hezekiah Masses,CB,California,150
Josh Cameron,WR,Baylor,151
Caden Curry,EDGE,Ohio State,152
Charles Demmings,CB,Stephen F. Austin,153
J.C. Davis,OT,Illinois,154
Aiden Fisher,LB,Indiana,155
Michael Taaffe,S,Texas,156
Tim Keenan III,DL,Alabama,157
Max Llewellyn,EDGE,Iowa,158
Joe Royer,TE,Cincinnati,159
Jeff Caldwell,WR,Cincinnati,160
Taurean York,LB,Texas A&M,161
Nate Boerkircher,TE,Texas A&M,162
Keagen Trost,IOL,Missouri,163
Parker Brailsford,IOL,Alabama,164
Albert Regis,DL,Texas A&M,165
Marlin Klein,TE,Michigan,166
Demond Claiborne,RB,Wake Forest,167
Nick Barrett,DL,South Carolina,168
Cyrus Allen,WR,Cincinnati,169
Kevin Coleman Jr.,WR,Missouri,170
Cade Klubnik,QB,Clemson,171
Jakobe Thomas,S,Miami (FL),172
Jimmy Rolder,LB,Michigan,173
DeMonte Capehart,DL,Clemson,174
Tyreak Sapp,EDGE,Florida,175
Jeremiah Wright,IOL,Auburn,176
Jager Burton,IOL,Kentucky,177
Adam Randall,RB,Clemson,178
Febechi Nwaiwu,IOL,Oklahoma,179
Kaelon Black,RB,Indiana,180
Diego Pounds,OT,Mississippi,181
Reggie Virgil,WR,Texas Tech,182
Kendrick Law,WR,Kentucky,183
Ar'maj Reed-Adams,IOL,Texas A&M,184
Louis Moore,S,Indiana,185
Carver Willis,OT,Washington,186
Dallen Bentley,TE,Utah,187
Nadame Tucker,EDGE,Western Michigan,188
George Gumbs Jr.,EDGE,Florida,189
Pat Coogan,IOL,Indiana,190
Tanner Koziol,TE,Houston,191
Jalen Huskey,CB,Maryland,192
Bishop Fitzgerald,S,USC,193
Domani Jackson,CB,Alabama,194
Red Murdock,LB,Buffalo,195
Aamil Wagner,OT,Notre Dame,196
Justin Jefferson,LB,Alabama,197
Mason Reiger,EDGE,Wisconsin,198
Eli Heidenreich,WR,Navy,199
TJ Hall,CB,Iowa,200
Robert Spears-Jennings,S,Oklahoma,201
C.J. Daniels,WR,Miami (FL),202
Jack Kelly,LB,BYU,203
Matt Gulbin,IOL,Michigan State,204
Devon Marshall,CB,NC State,205
J'Mari Taylor,RB,Virginia,206
Mikail Kamara,EDGE,Indiana,207
Caleb Douglas,WR,Texas Tech,208
Seth McGowan,RB,Kentucky,209
Trey Moore,EDGE,Texas,210
Le'Veon Moss,RB,Texas A&M,211
D.J. Campbell,IOL,Texas,212
Logan Taylor,IOL,Boston College,213
Will Kacmarek,TE,Ohio State,214
Vincent Anthony Jr.,EDGE,Duke,215
Thaddeus Dixon,CB,North Carolina,216
Landon Robinson,DL,Navy,217
Jaydn Ott,RB,Oklahoma,218
Josh Cuevas,TE,Alabama,219
Skyler Gill-Howard,DL,Texas Tech,220
Jordan van den Berg,DL,Georgia Tech,221
Anez Cooper,IOL,Miami (FL),222
Malik Benson,WR,Oregon,223
Dae'Quan Wright,TE,Mississippi,224
Cole Wisniewski,S,Texas Tech,225
Riley Nowakowski,TE,Indiana,226
John Michael Gyllenborg,TE,Wyoming,227
Wesley Williams,DL,Duke,228
Matthew Hibner,TE,SMU,229
Kaden Wetjen,WR,Iowa,230
Alex Harkey,OT,Oregon,231
J.Michael Sturdivant,WR,Florida,232
Eric McAlister,WR,TCU,233
Dalton Johnson,S,Arizona,234
Lander Barton,LB,Utah,235
Rene Konga,DL,Louisville,236
Lorenzo Styles Jr.,CB,Ohio State,237
Eric Rivers,WR,Georgia Tech,238
Andre Fuller,CB,Toledo,239
Logan Fano,EDGE,Utah,240
Quintayvious Hutchins,EDGE,Boston College,241
Fernando Carmona,IOL,Arkansas,242
Bryson Eason,DL,Tennessee,243
Nolan Rucci,OT,Penn State,244
Collin Wright,CB,Stanford,245
Eric Gentry,LB,USC,246
Barion Brown,WR,LSU,247
Colbie Young,WR,Georgia,248
Sawyer Robertson,QB,Baylor,249
Tyren Montgomery,WR,John Carroll,250
Roman Hemby,RB,Indiana,251
David Gusta,DL,Kentucky,252
Caden Barnett,OT,Wyoming,253
Zavion Thomas,WR,LSU,254
Haynes King,QB,Georgia Tech,255
Kendal Daniels,S,Oklahoma,256
Deven Eastern,DL,Minnesota,257
Brandon Cleveland,DL,NC State,258
Luke Altmyer,QB,Illinois,259
Xavier Nwankpa,S,Iowa,260
Jaeden Roberts,IOL,Alabama,261
Latrell McCutchin,CB,Houston,262
Robert Henry Jr.,RB,UTSA,263
Jamarion Miller,RB,Alabama,264
Owen Heinecke,LB,Oklahoma,265
Avery Smith,CB,Toledo,266
Micah Morris,IOL,Georgia,267
Jalen Stroman,S,Notre Dame,268
Cameron Ball,DL,Arkansas,269
Wade Woodaz,LB,Clemson,270
Toriano Pride,CB,Missouri,271
Lewis Bond,WR,Boston College,272
Chase Roberts,WR,BYU,273
DeShon Singleton,S,Nebraska,274
Xavian Sorey Jr.,LB,Arkansas,275
Ahmari Harvey,CB,Georgia Tech,276
Fa'alili Fa'amoe,OT,Wake Forest,277
Joe Fagnano,QB,UConn,278
Enrique Cruz Jr.,OT,Kansas,279
Desmond Reid,RB,Pittsburgh,280
Noah Whittington,RB,Oregon,281
Jeremiah Williams,EDGE,Texas A&M,282
Michael Heldman,EDGE,Central Michigan,283
Jack Pyburn,EDGE,LSU,284
Kobe Baynes,IOL,Kansas,285
Behren Morton,QB,Texas Tech,286
Aaron Graves,DL,Iowa,287
Jalon Daniels,QB,Kansas,288
Aaron Anderson,WR,LSU,289
Alan Herron,IOL,Maryland,290
Aidan Hubbard,EDGE,Northwestern,291
Max Bredeson,RB,Michigan,292
Brett Thorson,P,Georgia,293
Patrick Payton,EDGE,LSU,294
Rahsul Faison,RB,South Carolina,295
James Thompson Jr.,DL,Illinois,296
Diego Pavia,QB,Vanderbilt,297
DJ Rogers,TE,TCU,298
Karson Sharar,LB,Iowa,299
Ethan Burke,EDGE,Texas,300
Harrison Wallace III,WR,Mississippi,301
Jaden Dugger,LB,Louisiana-Lafayette,302
Lake McRee,TE,USC,303
Cole Brevard,DL,Texas,304
Jackson Kuwatch,EDGE,Miami (OH),305
Ceyair Wright,CB,Nebraska,306
Vinny Anthony II,WR,Wisconsin,307
R.J. Maryland,TE,SMU,308
Wesley Bissainthe,LB,Miami (FL),309
Nyjalik Kelly,EDGE,UCF,310
Evan Beerntsen,IOL,Northwestern,311
Marcus Allen,CB,North Carolina,312
Dillon Bell,WR,Georgia,313
Chip Trayanum,RB,Toledo,314
Keyshawn James-Newby,EDGE,New Mexico,315
Joshua Braun,IOL,Kentucky,316
Miles Kitselman,TE,Tennessee,317
Jordan Hudson,WR,SMU,318
Gary Smith III,DL,UCLA,319
Namdi Obiazor,LB,TCU,320
Emmanuel Henderson,WR,Kansas,321
Brent Austin,CB,California,322
Trey Smack,K,Florida,323
James Brockermeyer,IOL,Miami (FL),324
Carsen Ryan,TE,BYU,325
Tristan Leigh,OT,Clemson,326
Josh Moten,CB,Southern Miss,327
Riley Mahlman,OT,Wisconsin,328
C.J. Donaldson,RB,Ohio State,329
Joey Aguilar,QB,Tennessee,330
Ahmaad Moses,S,SMU,331
Tyre West,EDGE,Tennessee,332
Cian Slone,EDGE,NC State,333
Austin Brown,S,Wisconsin,334
Lance Mason,TE,Wisconsin,335
Bauer Sharp,TE,LSU,336
Ryan Eckley,P,Michigan State,337
Caullin Lacy,WR,Louisville,338
Khalil Dinkins,TE,Penn State,339
Micah Pettus,OT,Florida State,340
Dominic Zvada,K,Michigan,341
Wydett Williams Jr.,S,Mississippi,342
Devonta Smith,CB,Notre Dame,343
Dean Connors,RB,Houston,344
Garrett DiGiorgio,OT,UCLA,345
Zach Durfee,EDGE,Washington,346
Chris Adams,IOL,Memphis,347
Skyler Thomas,S,Oregon State,348
Ethan Onianwa,OT,Ohio State,349
Romello Brinson,WR,SMU,350
Isaiah Nwokobia,S,SMU,351
Marvin Jones Jr.,EDGE,Oklahoma,352
Jackie Marshall,DL,Baylor,353
Bryan Thomas Jr.,EDGE,South Carolina,354
Dane Key,WR,Nebraska,355
Anterio Thompson,DL,Washington,356
Miles Scott,S,Illinois,357
Jack Strand,QB,Minnesota State-Moorhead,358
Gavin Ortega,OT,Weber State,359
Uar Bernard,DL,Nigeria,360
Jaylon Guilbeau,CB,Texas,361
Miller Moss,QB,Louisville,362
Athan Kaliakmanis,QB,Rutgers,363
Bryce Foster,IOL,Kansas,364
Eric O'Neill,EDGE,Rutgers,365
Kolbey Taylor,CB,Vanderbilt,366
Damonic Williams,DL,Oklahoma,367
David Blay,DL,Miami (FL),368
Chris Hilton,WR,LSU,369
Curtis Allen,RB,Virginia Union,370
Terion Stewart,RB,Virginia Tech,371
Jacob Thomas,S,James Madison,372
Dan Villari,TE,Syracuse,373
Jaren Kanak,TE,Oklahoma,374
Noah Thomas,WR,Georgia,375
Jack Stonehouse,P,Syracuse,376
Seydou Traore,TE,Mississippi State,377
Jeffrey M'ba,DL,SMU,378
Shadrach Banks,LB,UTSA,379
Bobby Jamison-Travis,DL,Auburn,380
Max Tomzcak,WR,Youngstown State,381
Will Pauling,WR,Notre Dame,382
Jayden Loving,DL,Wake Forest,383
Tommy Doman,P,Florida,384
Jalen Catalon,S,Missouri,385
Josh Gesky,IOL,Illinois,386
Jack Velling,TE,Michigan State,387
Delby Lemieux,IOL,Dartmouth,388
Jamal Haynes,RB,Georgia Tech,389
Mark Gronowski,QB,Iowa,390
Josh Thompson,IOL,LSU,391
Tyreek Chappell,CB,Texas A&M,392
Jeadyn Lukus,CB,Clemson,393
Jayden Williams,OT,Mississippi,394
Bryce Phillips,CB,San Diego State,395
TJ Guy,EDGE,Michigan,396
Christian Jones,OT,San Diego State,397
Trebor Pena,WR,Penn State,398
Karon Prunty,CB,Wake Forest,399
Connor Tollison,IOL,Missouri,400
Donaven Mcculley,WR,Michigan,401
Will Ferrin,K,BYU,402
Clay Patterson,DL,Stanford,403
Bakyne Coly,OT,Purdue,404
Dillon Wade,IOL,Auburn,405
Hank Beatty,WR,Illinois,406
Squirrel White,WR,Florida State,407
Jalen McMurray,CB,Tennessee,408
Dayon Hayes,EDGE,Texas A&M,409
Luke Basso,LS,Oregon,410
Beau Gardner,LS,Georgia,411
Wesley Bailey,EDGE,Louisville,412
Ricardo Hallman,CB,Wisconsin,413
Devan Boykin,S,Indiana,414
Joshua Weru,EDGE,Kenya,415
Aaron Hall,DL,Duke,416
Kejon Owens,RB,Florida International,417
West Weeks,LB,LSU,418
Tomas Rimac,IOL,Virginia Tech,419
Nick Degennaro,WR,James Madison,420
Kansei Matsuzawa,K,Hawaii,421
Khalil Jacobs,LB,Missouri,422
James Neal,IOL,Iowa State,423
Jaren Kump,IOL,Utah,424
Drew Stevens,K,Iowa,425
Preston Hodge,CB,Colorado,426
Erick Hunter,LB,Morgan State,427
DJ Harvey,CB,USC,428
Nick Dawkins,IOL,Penn State,429
Davion Carter,IOL,Texas Tech,430
Tanner Arkin,TE,Illinois,431
Nick Andersen,S,Wake Forest,432
Cameron Dorner,WR,North Texas,433
Al'zillion Hamilton,CB,Fresno State,434
Noah Short,RB,Army,435
TJ Quinn,S,Louisville,436
D.Q. Smith,S,South Carolina,437
Keelan Marion,WR,Miami (FL),438
Kahlil Benson,OT,Indiana,439
Thomas Castellanos,QB,Florida State,440
Jacob Rizy,IOL,Florida State,441
Tony Grimes,CB,Purdue,442
Jake Retzlaff,QB,Tulane,443
Jerry Wilson,CB,Florida State,444
Walker Parks,IOL,Clemson,445
Malik Spencer,S,Michigan State,446
Kyron Drones,QB,Virginia Tech,447
Caden Fordham,LB,NC State,448
Tyler Duzansky,LS,Penn State,449
Declan Williams,LB,Incarnate Word,450
Derek Simmons,OT,Oklahoma,451
Tamarion Crumpley,CB,UAB,452
Keeshawn Silver,DL,USC,453
Ben Bell,EDGE,Virginia Tech,454
Jalil Farooq,WR,Maryland,455
Luke Petitbon,IOL,Florida State,456
Myles Rowser,S,Arizona State,457
Jack Dingle,LB,Cincinnati,458
Jameson Geers,TE,Minnesota,459
Henry Lutovsky,IOL,Nebraska,460
Jordan Crook,LB,Arizona State,461
Gunner Maldonado,S,Kansas State,462
Rocco Spindler,IOL,Nebraska,463
Kapena Gushiken,S,Mississippi,464
Bruno Onwuazor,OT,Virginia State,465
Isaiah Jatta,OT,BYU,466
Dominic Bailey,EDGE,Tennessee,467
Ryan Mosesso,OT,UMass,468
Alex Wollschlaeger,OT,Kentucky,469
Bernard Gooden,DL,LSU,470
Cody Hardy,TE,NC State,471
E.J. Williams,WR,Indiana,472
Giovanni El-Hadi,IOL,Michigan,473
Joseph Manjack IV,WR,TCU,474
Sieh Bangura,RB,Ohio,475
Cash Jones,RB,Georgia,476
Ethan Hurkett,EDGE,Iowa,477
Devonte Ross,WR,Penn State,478
Tawee Walker,RB,Cincinnati,479
Devin Voisin,WR,South Alabama,480
Trevonte Sylvester,OT,Louisville,481
Dariel Djabome,LB,Rutgers,482
Arden Walker,EDGE,Colorado,483
Pete Nygra,IOL,Louisville,484
Ja'Mori Maclin,WR,Kentucky,485
Jalen Logan-Redding,DL,Minnesota,486
Reuben Fatheree II,OT,Texas A&M,487
A.J. Pena,EDGE,Rhode Island,488
Michael Wortham,WR,Montana,489
Jalen Jones,CB,William & Mary,490
Jalen Walthall,WR,Incarnate Word,491
Khordae Sydnor,EDGE,Vanderbilt,492
Dasan McCullough,EDGE,Nebraska,493
DT Sheffield,WR,Rutgers,494
Kentrel Bullock,RB,South Alabama,495
Tanner Wall,S,BYU,496
Cam Miller,CB,Rutgers,497
Joe Cooper,OT,Slippery Rock,498
Rodney Shelley,CB,Georgia Tech,499
Javin Wright,LB,Nebraska,500
Daniel Sobkowicz,WR,Illinois State,501
Jarod Washington,CB,South Carolina State,502
Rohan Jones,TE,Arkansas,503
O'Mega Blake,WR,Arkansas,504
Dominic Deluca,LB,Penn State,505
Kaidon Salter,QB,Colorado,506
Gavin Gerhardt,IOL,Cincinnati,507
Hunter Zambrano,IOL,Texas Tech,508
Fred Davis II,CB,Northwestern,509
Gabriel Rubio,DL,Notre Dame,510
Jacob De Jesus,WR,California,511
Kam Dewberry,IOL,Alabama,512
Zaylin Wood,DL,Vanderbilt,513
Rasheed Miller,OT,Louisville,514
Darryl Peterson III,EDGE,Wisconsin,515
Rashad Battle,CB,Pittsburgh,516
Omari Evans,WR,Washington,517
Nyzier Fourqurean,CB,Wisconsin,518
Austin Leausa,IOL,BYU,519
Rocco Underwood,LS,Florida,520
Kevorian Barnes,RB,TCU,521
Jaffer Murphy,K,UTSA,522
Eli Blakey,S,Miami (OH),523
Garrison Grimes,LS,BYU,524
Byron Cardwell,RB,San Diego State,525
Dontae Balfour,CB,Texas Tech,526
Terry Webb,DL,SMU,527
Blake Cotton,CB,Utah,528
Ka'ena Decambra,IOL,Arizona,529
Reuben Unije,OT,UCLA,530
Kalil Alexander,EDGE,Texas State,531
Izavion Miller,OT,Auburn,532
P.J. Williams,OT,SMU,533
Jakari Foster,S,Louisiana Tech,534
Jason Moore,DL,Ohio State,535
Makari Vickers,CB,Colorado,536
Markee Anderson,IOL,South Carolina,537
Troy Bowles,LB,Michigan,538
Brenan Vernon,DL,Notre Dame,539
Jaiden Ausberry,LB,Notre Dame,540
Bravion Rogers,CB,Texas A&M,541
Jaybron Harvey,EDGE,North Carolina,542
Lewis Carter,LB,UCF,543
Samuel M'Pemba,EDGE,Texas A&M,544
Jaylon Braxton,CB,Mississippi,545
Raymond Cottrell,WR,West Alabama,546
Ryan Niblett,WR,Texas,547
Braylon James,WR,TCU,548
Calvin Simpson-Hunt,CB,Baylor,549
Nathan Leacock,WR,North Carolina,550
Ayden Williams,WR,Mississippi State,551
Shamurad Umarov,OT,Tennessee,552
Derion Gullette,EDGE,Mississippi State,553
Joshua Padilla,IOL,Ohio State,554
Jameial Lyons,EDGE,Penn State,555
Bai Jobe,EDGE,Miami (OH),556
Sedrick Alexander,RB,Vanderbilt,557
A'Marion McCoy,CB,Boise State,558
Grayson Loftis,QB,Charlotte,559
Calvin Clements,OT,Kansas,560
James Durand,IOL,Western Illinois,561
Davin Stoffel,TE,Illinois,562
Travis Shaw,DL,Texas,563
Denver Harris,CB,UNLV,564
Julian Armella,IOL,UCLA,565
Keaten Wade,EDGE,Colorado,566
Holden Staes,TE,Indiana,567
Maalik Murphy,QB,Oregon State,568
J.Q. Hardaway,CB,Kentucky,569
Popeye Williams,EDGE,Western Michigan,570
TreVonte Citizen,RB,McNeese State,571
Jacolby Spells,CB,West Virginia,572
Jaylon Glover,RB,UNLV,573
Kaleb Brown,WR,UAB,574
Jayden Virgin-Morgan,EDGE,Boise State,575
Kobe Prentice,WR,Baylor,576
Antonio Gates Jr.,WR,Delaware State,577
Justice Finkley,EDGE,Kansas,578
Malick Sylla,EDGE,Mississippi State,579
Collin Sadler,OT,Clemson,580
Khurtiss Perry,DL,Jacksonville State,581
Tobias Merriweather,WR,Utah,582
C.J. Williams,WR,Stanford,583
Cole Hutson,IOL,Texas,584
Zion Branch,S,Georgia,585
Amari Niblack,TE,Texas A&M,586
Dayne Shor,OT,Akron,587
Kyion Grayes,WR,California,588
Shawn Murphy,LB,South Carolina,589
Braylin Presley,WR,Tulsa,590
Jamari Lyons,DL,Florida,591
Savion Red,RB,Sacramento State,592
Jeremiah Earby,CB,Boise State,593
Kam Olds,EDGE,Kentucky,594
Pichon Wimbley,IOL,Georgia Southern,595
Josh Kattus,TE,Kentucky,596
Tyler Perkins,P,Iowa State,597
Kyron Barnes,OT,Nicholls,598
Nate Johnson,QB,Utah,599
John Bock II,IOL,Tulane,600
Deshaun Lee,CB,Iowa,601
Justus Ross-Simmons,WR,Syracuse,602
Eddie Kelly,DL,West Virginia,603
Van Wells,IOL,Oregon State,604
Andrew Paul,RB,Jacksonville State,605
Jahiem Lawson,EDGE,Clemson,606
Owen McCown,QB,UTSA,607
Gavin Gibson,CB,North Carolina,608
Darren Agu,EDGE,New Mexico,609
Wendell Moe Jr.,IOL,Tennessee,610
Richard Reese,RB,Stephen F. Austin,611
Cade McConnell,IOL,Vanderbilt,612
Braxton Fely,DL,Boise State,613
Cameron Robertson,EDGE,SMU,614
Bryan McCoy,LB,Oklahoma State,615
Jackson Lee,LS,Florida Atlantic,616
Jordan Pollard,LB,San Jose State,617
Lance St. Louis,LS,Texas,618
Omar Aigbedion,IOL,Baylor,619
Liam Becher,IOL,North Dakota,620
Maurice Westmoreland,EDGE,Tulane,621
Quinten Christensen,IOL,South Dakota State,622
Desmeal Leigh,OT,Youngstown State,623
Korey Foreman,EDGE,Fresno State,624
Sage Ryan,S,Mississippi,625
Damon Payne,DL,Michigan,626
Prince Kollie,LB,Vanderbilt,627
Trevion Cooley,RB,Troy,628
Ethan Calvert,LB,Cal Poly,629
Cade Denhoff,EDGE,Clemson,630
Christian Leary,WR,Western Michigan,631
Zen Michalski,OT,Indiana,632
J.P. Benzschawel,IOL,Wisconsin,633
Jonathan Jefferson,DL,SMU,634
Preston Stone,QB,Northwestern,635
Clayton Smith,EDGE,Arizona State,636
Damarius McGhee,CB,Florida Atlantic,637
Raesjon Davis,LB,Oregon State,638
Keli Lawson,LB,UCF,639
Terrence Ferguson II,IOL,Syracuse,640
Ty Thompson,TE,Tulane,641
Deion Colzie,WR,Miami (OH),642
Savion Byrd,IOL,SMU,643
Bram Walden,IOL,Arizona State,644
Jaylin Davies,CB,Oklahoma State,645
Armoni Goodwin,RB,UT Martin,646
Kyron Ware-Hudson,WR,Penn State,647
Zaire Patterson,EDGE,Clemson,648
Kadarius Calloway,RB,New Mexico State,649
Raheem Anderson,IOL,Western Michigan,650
Marcus Burris,DL,Memphis,651
Tywone Malone,DL,Ohio State,652
Avante Dickerson,CB,Arkansas State,653
David Daniel-Sisavanh,S,Troy,654
Dacari Collins,WR,Louisville,655
Reid Carrico,LB,West Virginia,656
Elliot Donald,DL,Pittsburgh,657
Kelvin Gilliam,DL,Virginia Tech,658
L.J. Johnson Jr.,RB,California,659
Teddy Prochazka,OT,Nebraska,660
Keanu Koht,EDGE,Vanderbilt,661
Jayden Ballard,WR,Wisconsin,662
Bryce Carter,DL,Texas State,663
Nyland Green,CB,Arizona State,664
Malik McClain,WR,Arizona State,665
JoJo Earle,WR,UNLV,666
Mason Murphy,OT,Auburn,667
Chamon Metayer,TE,Arizona State,668
Daylan Carnell,S,Missouri,669
Tiaoalii Savea,DL,Arizona,670
Dylan Rosiek,LB,Illinois,671
Andrel Anthony,WR,Duke,672
Roy Williams,EDGE,Northern Illinois,673
Jayden Thomas,WR,Virginia,674
Sean Brown,LB,NC State,675
Rara Thomas,WR,Troy,676
Jaden Keller,LB,Virginia Tech,677
Logan Diggs,RB,Mississippi,678
Jerand Bradley,WR,Kansas State,679
Alton McCaskill IV,RB,Sam Houston State,680
Jordan Favors,S,Appalachian State,681
Dorion Strawn,OT,Texas State,682
Jason Henderson,LB,Old Dominion,683
Devean Deal,EDGE,TCU,684
Barika Kpeenu,RB,North Dakota State,685
Shyheim Brown,S,Florida State,686
Darian Chestnut,CB,Syracuse,687
Jared Brown,WR,South Carolina,688
Cade Zimmerly,IOL,Bowling Green,689
Marquis Gillis,RB,Arizona State,690
Bert Auburn,K,Miami (FL),691
Ross James,P,Oregon,692
Kamryn Waites,IOL,Florida,693
Ashton Grable,IOL,Florida A&M,694
Roydell Williams,RB,Florida State,695
Tosh Baker,OT,Notre Dame,696
Turner Corcoran,IOL,Nebraska,697
Xavion Alford,S,Arizona State,698
Bangally Kamara,LB,Kansas,699
Demon Clowney,EDGE,South Carolina,700
Jeff Sims,QB,Arizona State,701
Aki Ogunbiyi,IOL,Colorado,702
E.J. Smith,RB,Texas A&M,703
Chad Lindberg,IOL,North Carolina,704
Stephen Dix Jr.,LB,Arkansas,705
Drew Pyne,QB,Bowling Green,706
Zykeivous Walker,DL,Auburn,707
Key Lawrence,CB,UCLA,708
Reggie Grimes,EDGE,Memphis,709
Malcolm Greene,S,UMass,710
Tyler Van Dyke,QB,SMU,711
Leon Lowery Jr.,LB,Illinois,712
Xavier Hill,IOL,Colorado,713
Courtland Ford,OT,UCLA,714
Devin Neal,S,Virginia,715
Dominic Richardson,RB,Tulsa,716
D.J. Graham,CB,Kansas,717
Jalen Berger,RB,UCLA,718
Gilber Edmond,EDGE,South Carolina,719
Jahmeer Carter,DL,Virginia,720
Jordan White,IOL,Vanderbilt,721
Will Shaffer,LB,Abilene Christian,722
Nate Rutchena,TE,UC Davis,723
Cam Porter,RB,Northwestern,724
Jimari Butler,EDGE,LSU,725
Stefon Thompson,LB,Florida State,726
Payton Zdroik,DL,Air Force,727
Tyree Skipper,S,Louisiana-Lafayette,728
Matthew Sluka,QB,James Madison,729
Sabastian Harsh,DL,NC State,730
Tay Yanta II,IOL,North Texas,731
Donavon Greene,WR,Virginia Tech,732
Ja'Varrius Johnson,WR,UCF,733
Cade McNamara,QB,East Tennessee State,734
Dequan Finn,QB,Miami (OH),735
Matthew Bedford,OT,Oregon,736
Maverick McIvor,QB,Western Kentucky,737
Zach Calzada,QB,Kentucky,738
Ben Coleman,IOL,Arizona State,739
Antonio Clary,S,Virginia,740
Isheem Young,S,Memphis,741
