normalized_name,display_name,pos,school,in_ras,in_jfoster,ras_score,jfoster_rank,season_id
a'marion mccoy,A'Marion McCoy,CB,Boise State,1,1,,?,1
a.j. haulcy,A.J. Haulcy,SS,Louisiana State,1,1,,98,1
a.j. pena,A.J. Pena,LB,Rhode Island,1,0,,,1
aamil wagner,Aamil Wagner,OT,Notre Dame,1,1,8.37,158,1
aaron anderson,Aaron Anderson,WR,Louisiana State,1,1,,207,1
aaron graves,Aaron Graves,DT,Iowa,1,1,,199,1
aaron hall,Aaron Hall,DT,Duke,1,1,,?,1
abraham williams,Abraham Williams,CB,New Mexico,0,1,,?,1
adam dolan,Adam Dolan,OT,Ball State,0,1,,?,1
adam randall,Adam Randall,RB,Clemson,1,1,9.49,254,1
adrian hawkins,Adrian Hawkins,OT,South Dakota,0,1,,?,1
adrian medley,Adrian Medley,OG,Florida State,1,0,,,1
ahmaad moses,Ahmaad Moses,FS,Southern Methodist,1,1,,?,1
ahmari harvey,Ahmari Harvey,CB,Georgia Tech,1,1,,?,1
aidan gousby,Aidan Gousby,S,Minnesota,0,1,,?,1
aidan hubbard,Aidan Hubbard,DE,Northwestern,1,1,,?,1
aidan laros,Aidan Laros,P,Kentucky,1,0,,,1
aiden fisher,Aiden Fisher,LB,Indiana,1,1,,107,1
aj mccarty,AJ McCarty,CB,Texas Tech,0,1,,?,1
akelo stone,Akelo Stone,DT,Georgia Tech,1,0,,,1
akheem mesidor,Akheem Mesidor,DE,Miami,1,1,,54,1
al'zillion hamilton,Al'zillion Hamilton,CB,Fresno State,1,1,,173,1
al-jay henderson,Al-Jay Henderson,RB,Buffalo,1,1,,?,1
alan herron,Alan Herron,OT,Maryland,1,1,5.46,?,1
albert reese iv,Albert Reese IV,OT,Mississippi State,0,1,,?,1
albert regis,Albert Regis,DT,Texas A&M,1,1,8.33,119,1
alex afari jr.,Alex Afari Jr.,LB,Kentucky,1,1,,?,1
alex harkey,Alex Harkey,OT,Oregon,1,1,,223,1
amari niblack,Amari Niblack,TE,Texas A&M,1,1,,?,1
andre fuller,Andre Fuller,CB,Toledo,1,1,9.19,?,1
andrel anthony,Andrel Anthony,WR,Duke,0,1,,?,1
andrew jones,Andrew Jones,LB,Ole Miss,0,1,,?,1
andrew simpson,Andrew Simpson,LB,North Carolina,1,1,,?,1
anez cooper,Anez Cooper,OG,Miami,1,1,,136,1
angel johnson,Angel Johnson,HB,Washington State,0,1,,?,1
ansel din-mbuh,Ansel Din-Mbuh,DT,TCU,1,0,,,1
anterio thompson,Anterio Thompson,DL,Washington,0,1,,?,1
anthony dunn jr.,Anthony Dunn Jr.,ED,Toledo,1,0,,,1
anthony hankerson,Anthony Hankerson,RB,Oregon State,1,1,,?,1
anthony hill jr.,Anthony Hill Jr.,LB,Texas,1,1,9.84,121,1
anthony lucas,Anthony Lucas,DE,Southern California,1,1,,62,1
anthony smith,Anthony Smith,WR,East Carolina,1,0,,,1
antonio williams,Antonio Williams,WR,Clemson,1,1,8.17,59,1
ar'maj reed-adams,Ar'maj Reed-Adams,OG,Texas A&M,1,1,7.94,155,1
arden walker,Arden Walker,ED,Colorado,1,1,,?,1
arvell reese,Arvell Reese,LB,Ohio State,1,1,,3,1
ashton grable,Ashton Grable,OG,Florida A&M,1,0,,,1
ashtyn hawkins,Ashtyn Hawkins,WR,Baylor,1,0,,,1
athan kaliakmanis,Athan Kaliakmanis,QB,Rutgers,1,1,,?,1
austin barber,Austin Barber,OT,Florida,1,1,9.76,227,1
austin brown,Austin Brown,S,Wisconsin,1,1,,?,1
austin leausa,Austin Leausa,G,BYU,0,1,,?,1
avery smith,Avery Smith,CB,Toledo,1,1,6.95,?,1
avieon terrell,Avieon Terrell,CB,Clemson,1,1,,20,1
ayden garnes,Ayden Garnes,CB,Arizona,0,1,,236,1
ayinde johnson,Ayinde Johnson,CB,Rhode Island,1,0,,,1
bangally kamara,Bangally Kamara,LB,Kansas,1,1,,?,1
barion brown,Barion Brown,WR,Louisiana State,1,1,,234,1
bauer sharp,Bauer Sharp,TE,Louisiana State,1,1,8.98,?,1
bayo kannike,Bayo Kannike,OG,San Diego State,1,1,,?,1
beau stephens,Beau Stephens,OG,Iowa,1,1,7.39,90,1
behren morton,Behren Morton,QB,Texas Tech,1,1,,246,1
ben bell,Ben Bell,ED,Virginia Tech,1,1,,?,1
ben coleman,Ben Coleman,G,Arizona State,0,1,,?,1
bernard gooden,Bernard Gooden,DL,LSU,0,1,,204,1
billy schrauth,Billy Schrauth,OG,Notre Dame,1,1,,82,1
bishop fitzgerald,Bishop Fitzgerald,SS,Southern California,1,1,5.58,200,1
bj williams,BJ Williams,OG,Pittsburgh,1,0,,,1
blake miller,Blake Miller,OT,Clemson,1,1,9.97,31,1
blake shapen,Blake Shapen,QB,Mississippi State,0,1,,?,1
bobby jamison-travis,Bobby Jamison-Travis,DT,Auburn,1,1,,?,1
braden siders,Braden Siders,ED,West Virginia,1,1,,?,1
brandon cisse,Brandon Cisse,CB,South Carolina,1,1,,45,1
brandon cleveland,Brandon Cleveland,DT,North Carolina State,1,1,,?,1
brandon frazier,Brandon Frazier,TE,Auburn,0,1,,?,1
brenen thompson,Brenen Thompson,WR,Mississippi State,1,1,,50,1
brent austin,Brent Austin,CB,California,1,1,,108,1
brett thorson,Brett Thorson,PK,Georgia,1,0,,,1
brian parker ii,Brian Parker II,OC,Duke,1,1,9.09,113,1
bruno fina,Bruno Fina,OT,Duke,1,1,,?,1
bruno onwuazor,Bruno Onwuazor,OT,Virginia State,1,1,,?,1
bryan thomas jr.,Bryan Thomas Jr.,ED,South Carolina,1,1,,276,1
bryce boettcher,Bryce Boettcher,LB,Oregon,1,1,,191,1
bryce foster,Bryce Foster,OC,Kansas,1,1,,?,1
bryce lance,Bryce Lance,WR,North Dakota State,1,1,9.95,128,1
bryce langston,Bryce Langston,DT,Florida Atlantic,1,0,,,1
brylan green,Brylan Green,CB,Liberty,0,1,,?,1
bryson eason,Bryson Eason,DT,Tennessee,1,1,6.98,276,1
bryun parham,Bryun Parham,LB,UConn,1,0,,,1
bud clark,Bud Clark,FS,Texas Christian,1,1,9.32,96,1
byrce boettcher,Byrce Boettcher,LB,Oregon,1,0,,,1
cade klubnik,Cade Klubnik,QB,Clemson,1,1,,75,1
caden barnett,Caden Barnett,OG,Wyoming,1,1,,?,1
caden curry,Caden Curry,DE,Ohio State,1,1,,201,1
caden fordham,Caden Fordham,LB,NC State,0,1,,?,1
caleb banks,Caleb Banks,DT,Florida,1,1,9.86,16,1
caleb douglas,Caleb Douglas,WR,Texas Tech,1,1,9.45,?,1
caleb downs,Caleb Downs,FS,Ohio State,1,1,,6,1
caleb lomu,Caleb Lomu,OT,Utah,1,1,9.89,24,1
caleb tiernan,Caleb Tiernan,OT,Northwestern,1,1,,109,1
caleb weaver,Caleb Weaver,S,Duke,1,0,,,1
cam miller,Cam Miller,CB,Rutgers,1,1,,?,1
cam rice,Cam Rice,DL,Maryland,0,1,,?,1
cam robertson,Cam Robertson,ED,SMU,0,1,,?,1
cam smith,Cam Smith,CB,Oklahoma State,1,1,,?,1
cam'ron stewart,Cam'Ron Stewart,ED,Temple,1,1,,?,1
cameron ball,Cameron Ball,DT,Arkansas,1,1,7.82,?,1
cameron robertson,Cameron Robertson,ED,SMU,1,0,,,1
cameron whitfield,Cameron Whitfield,ED,Louisiana,1,1,,?,1
carlos allen jr.,Carlos Allen Jr.,DL,Houston,0,1,,?,1
carnell tate,Carnell Tate,WR,Ohio State,1,1,,4,1
carsen ryan,Carsen Ryan,TE,BYU,0,1,,?,1
carson beck,Carson Beck,QB,Miami,1,1,,160,1
carver willis,Carver Willis,OT,Washington,1,1,6.27,126,1
cash jones,Cash Jones,HB,Georgia,0,1,,?,1
cashius howell,Cashius Howell,DE,Texas A&M,1,1,8.12,52,1
caullin lacy,Caullin Lacy,WR,Louisville,1,1,2.95,?,1
ceyair wright,Ceyair Wright,CB,Nebraska,1,1,,?,1
chamon metayer,Chamon Metayer,TE,Arizona State,0,1,,?,1
chandler morris,Chandler Morris,QB,Virginia,0,1,,?,1
chandler rivers,Chandler Rivers,CB,Duke,1,1,8.8,146,1
channing canada,Channing Canada,CB,TCU,0,1,,?,1
charles demmings,Charles Demmings,CB,Stephen F. Austin,1,1,9.97,168,1
charlie demmings,Charlie Demmings,CB,Stephen F. Austin,1,0,,,1
chase bisontis,Chase Bisontis,OG,Texas A&M,1,1,9.84,35,1
chase mason,Chase Mason,QB,South Dakota State,0,1,,?,1
chase roberts,Chase Roberts,WR,BYU,1,1,7.81,225,1
chase wilson,Chase Wilson,LB,West Virginia,1,1,,?,1
chip trayanum,Chip Trayanum,RB,Toledo,1,1,,279,1
chris adams,Chris Adams,OT,Memphis,1,1,,239,1
chris bell,Chris Bell,WR,Louisville,1,1,,46,1
chris brazzell ii,Chris Brazzell II,WR,Tennessee,1,1,,71,1
chris hilton,Chris Hilton,WR,LSU,1,0,,,1
chris hilton jr.,Chris Hilton Jr.,WR,Louisiana State,1,1,6.21,?,1
chris johnson,Chris Johnson,CB,San Diego State,1,1,9.71,39,1
chris lewis,Chris Lewis,WR,Troy,1,0,,,1
chris mcclellan,Chris McClellan,DT,Missouri,1,1,8.22,?,1
chris thomas,Chris Thomas,DT,Syracuse,1,0,,,1
christen miller,Christen Miller,DT,Georgia,1,1,,40,1
christian fitzpatrick,Christian Fitzpatrick,WR,Oklahoma State,1,1,,?,1
christian jones,Christian Jones,OT,San Diego State,0,1,,?,1
cian slone,Cian Slone,ED,NC State,1,1,,?,1
cj allen,CJ Allen,LB,Georgia,1,1,,19,1
cj daniels,CJ Daniels,WR,Miami,1,1,,141,1
cj donaldson,CJ Donaldson,RB,Ohio State,1,1,,?,1
cj nunnally iv,CJ Nunnally IV,ED,Purdue,1,0,,,1
ckelby givens,Ckelby Givens,ED,Southern,1,0,,,1
clay patterson,Clay Patterson,ED,Stanford,0,1,,?,1
clayton powell-lee,Clayton Powell-Lee,S,Georgia Tech,0,1,,?,1
clayton smith,Clayton Smith,ED,Arizona State,1,1,,?,1
cody hardy,Cody Hardy,TE,NC State,1,1,,?,1
colbie young,Colbie Young,WR,Georgia,1,1,,110,1
cole brevard,Cole Brevard,DL,Texas,0,1,,232,1
cole kozlowski,Cole Kozlowski,LB,UCF,0,1,,?,1
cole payton,Cole Payton,QB,North Dakota State,1,1,9.97,92,1
cole wisniewski,Cole Wisniewski,S,Texas Tech,1,1,,156,1
collin rogers,Collin Rogers,K,SMU,1,0,,,1
collin wright,Collin Wright,CB,Stanford,1,1,,175,1
coltin deery,Coltin Deery,OC,TCU,0,1,,?,1
colton hood,Colton Hood,CB,Tennessee,1,1,9.61,34,1
connor lew,Connor Lew,OC,Auburn,1,1,,81,1
connor tollison,Connor Tollison,OC,Missouri,1,1,,285,1
corey robinson ii,Corey Robinson II,OT,Arkansas,1,1,,?,1
corey rucker,Corey Rucker,WR,Arkansas State,1,0,,,1
corey walker,Corey Walker,DT,Wisconsin,1,1,,?,1
curtis allen,Curtis Allen,HB,Virginia Union,0,1,,?,1
cyrus allen,Cyrus Allen,WR,Cincinnati,0,1,,?,1
d'angelo ponds,D'Angelo Ponds,CB,Indiana,1,1,,57,1
d.j. graham,D.J. Graham,CB,Kansas,1,0,,,1
d.j. wingfield,D.J. Wingfield,G,USC,0,1,,?,1
da'marcus crosby,Da'Marcus Crosby,S,Virginia,1,0,,,1
dacari collins,Dacari Collins,WR,Louisville,1,0,,,1
dae'quan wright,Dae'Quan Wright,TE,Mississippi,1,1,,205,1
dallen bentley,Dallen Bentley,TE,Utah,1,1,9.31,123,1
dalton johnson,Dalton Johnson,FS,Arizona,1,1,7.65,111,1
damari brown,Damari Brown,CB,Miami,0,1,,?,1
dametrious crownover,Dametrious Crownover,OT,Texas A&M,1,1,,74,1
damian ilalio,Damian Ilalio,DT,Kansas State,1,1,,?,1
damieon george jr.,Damieon George Jr.,OG,Florida,1,1,,?,1
damon payne,Damon Payne,DL,Michigan,0,1,,?,1
damonic williams,Damonic Williams,DT,Oklahoma,1,1,,283,1
damonte smith,Damonte Smith,DL,Middle Tennessee,0,1,,253,1
dan villari,Dan Villari,TE,Syracuse,0,1,,?,1
dane key,Dane Key,WR,Nebraska,1,1,,255,1
dani dennis-sutton,Dani Dennis-Sutton,DE,Penn State,1,1,9.96,174,1
daniel hishaw,Daniel Hishaw,RB,Kansas,1,0,,,1
daniel hishaw jr.,Daniel Hishaw Jr.,HB,Kansas,0,1,,?,1
daniel king,Daniel King,G,North Carolina,0,1,,?,1
daniel sobkowicz,Daniel Sobkowicz,WR,Illinois State,1,1,,?,1
daniel sparks,Daniel Sparks,P,Virginia,1,0,,,1
dariel djabome,Dariel Djabome,LB,Rutgers,0,1,,?,1
darrell jackson jr.,Darrell Jackson Jr.,DT,Florida State,1,1,,104,1
darryl peterson,Darryl Peterson,ED,Wisconsin,0,1,,?,1
dasan mccullough,Dasan McCullough,ED,Nebraska,0,1,,?,1
dashawn jones,DaShawn Jones,CB,Alabama,0,1,,?,1
dave iuli,Dave Iuli,OG,Oregon,1,1,,?,1
david bailey,David Bailey,DE,Texas Tech,1,1,9.68,11,1
david blay,David Blay,DT,Miami (FL),1,0,,,1
david blay jr.,David Blay Jr.,DL,Miami,0,1,,269,1
david gusta,David Gusta,DT,Kentucky,1,1,9.89,?,1
david ndukwe,David Ndukwe,OT,Houston,1,0,,,1
davion carter,Davion Carter,OG,Texas Tech,1,1,,?,1
davison igbinosun,Davison Igbinosun,CB,Ohio State,1,1,8.64,112,1
davon booth,Davon Booth,HB,Mississippi State,0,1,,?,1
daylan carnell,Daylan Carnell,S,Missouri,1,1,,?,1
daylen everette,Daylen Everette,CB,Georgia,1,1,9.82,230,1
dayon hayes,Dayon Hayes,ED,Texas A&M,1,1,,?,1
de'shawn rucker,De'Shawn Rucker,CB,South Florida,0,1,,?,1
de'zhaun stribling,De'Zhaun Stribling,WR,Mississippi,1,1,9.9,63,1
dean connors,Dean Connors,RB,Houston,1,1,,?,1
decarlos nicholson,DeCarlos Nicholson,CB,USC,1,1,,?,1
declan williams,Declan Williams,LB,Incarnate Word,0,1,,?,1
deion burks,Deion Burks,WR,Oklahoma,1,1,9.52,117,1
delby lemieux,Delby Lemieux,OG,Dartmouth,1,1,,269,1
demond claiborne,Demond Claiborne,RB,Wake Forest,1,1,7.98,131,1
demonte capehart,DeMonte Capehart,DT,Clemson,1,1,9.97,238,1
denzel boston,Denzel Boston,WR,Washington,1,1,,30,1
deontae lawson,Deontae Lawson,LB,Alabama,1,1,,242,1
dequan finn,DeQuan Finn,QB,Miami (OH),1,0,,,1
derek simmons,Derek Simmons,OT,Oklahoma,1,1,,?,1
derrick graham,Derrick Graham,OT,Tulane,1,0,,,1
derrick moore,Derrick Moore,DE,Michigan,1,1,,83,1
deshon singleton,DeShon Singleton,FS,Nebraska,1,1,,?,1
desmeal leigh,Desmeal Leigh,OT,Youngstown State,1,0,,,1
desmond purnell,Desmond Purnell,LB,Kansas State,1,1,,?,1
desmond reid,Desmond Reid,RB,Pittsburgh,1,1,,?,1
deuce harmon,Deuce Harmon,CB,SMU,1,0,,,1
devan boykin,Devan Boykin,S,Indiana,1,1,,208,1
devean deal,Devean Deal,ED,TCU,0,1,,?,1
deven eastern,Deven Eastern,DT,Minnesota,1,1,,?,1
devin grant,Devin Grant,S,Syracuse,1,1,,?,1
devin kylany,Devin Kylany,OC,Wake Forest,0,1,,?,1
devin mockobee,Devin Mockobee,RB,Purdue,1,1,,?,1
devin moore,Devin Moore,CB,Florida,1,1,,51,1
devin voisin,Devin Voisin,WR,South Alabama,0,1,,?,1
devon marshall,Devon Marshall,CB,NC State,1,1,,?,1
devonta smith,DeVonta Smith,CB,Notre Dame,1,1,,?,1
devonte ross,Devonte Ross,WR,Penn State,1,1,,?,1
devyn bobby,Devyn Bobby,S,Baylor,1,1,,?,1
diego pavia,Diego Pavia,QB,Vanderbilt,1,1,,251,1
diego pounds,Diego Pounds,OT,Mississippi,1,1,9.22,101,1
dillon bell,Dillon Bell,WR,Georgia,1,1,9.42,184,1
dillon thieneman,Dillon Thieneman,SS,Oregon,1,1,9.65,22,1
dillon wade,Dillon Wade,OG,Auburn,1,1,9.13,273,1
dj campbell,DJ Campbell,OG,Texas,1,1,8.49,215,1
dj graham ii,DJ Graham II,CB,Kansas,0,1,,?,1
dj harvey,DJ Harvey,CB,USC,1,1,,?,1
dj rogers,DJ Rogers,TE,Texas Christian,1,1,,?,1
dj williams,DJ Williams,QB,Southern Illinois,0,1,,?,1
domani jackson,Domani Jackson,CB,Alabama,1,1,,248,1
dominic bailey,Dominic Bailey,DL,Tennessee,0,1,,?,1
dominic richardson,Dominic Richardson,HB,Tulsa,0,1,,?,1
dominic zvada,Dominic Zvada,PK,Michigan,1,0,,,1
domonique orange,Domonique Orange,DT,Iowa State,1,1,,66,1
donaven mcculley,Donaven McCulley,WR,Michigan,1,1,,?,1
donavon greene,Donavon Greene,WR,Virginia Tech,1,1,,?,1
dontae balfour,Dontae Balfour,CB,Texas Tech,1,1,,?,1
dontay corleone,Dontay Corleone,DT,Cincinnati,1,1,,228,1
dorian wesley,Dorian Wesley,DT,Western Michigan,1,0,,,1
dorion strawn,Dorion Strawn,G,Texas State,0,1,,?,1
dq smith,DQ Smith,S,South Carolina,1,1,,293,1
dre'lyn washington,Dre'lyn Washington,HB,Alabama,0,1,,?,1
drew allar,Drew Allar,QB,Penn State,1,1,,182,1
drew biber,Drew Biber,TE,Minnesota,0,1,,?,1
drew shelton,Drew Shelton,OT,Penn State,1,1,8.7,213,1
drew stevens,Drew Stevens,PK,Iowa,1,0,,,1
dreyden norwood,Dreyden Norwood,CB,Missouri,1,1,,?,1
drue watts,Drue Watts,LB,Memphis,1,1,,?,1
dt sheffield,DT Sheffield,WR,Rutgers,1,1,,?,1
duce chestnut,Duce Chestnut,S,Syracuse,1,1,,?,1
dylan barrett,Dylan Barrett,OG,Iowa State,1,1,,?,1
e.j. williams,E.J. Williams,WR,Indiana,0,1,,247,1
eddie walls iii,Eddie Walls III,ED,Houston,0,1,,?,1
eli blakey,Eli Blakey,S,Miami (OH),0,1,,?,1
eli heidenreich,Eli Heidenreich,RB,Navy,1,1,8.53,?,1
eli raridon,Eli Raridon,TE,Notre Dame,1,1,9.66,181,1
eli russ,Eli Russ,G,Troy,0,1,,?,1
eli sanders,Eli Sanders,RB,USC,1,0,,,1
eli stowers,Eli Stowers,TE,Vanderbilt,1,1,9.46,143,1
elijah fisher,Elijah Fisher,OC,UL Monroe,1,0,,,1
elijah sarratt,Elijah Sarratt,WR,Indiana,1,1,,134,1
emmanuel henderson jr.,Emmanuel Henderson Jr.,WR,Kansas,1,1,7.78,?,1
emmanuel mcneil-warren,Emmanuel McNeil-Warren,FS,Toledo,1,1,9.13,33,1
emmanuel pregnon,Emmanuel Pregnon,OG,Oregon,1,1,9.42,25,1
emmett johnson,Emmett Johnson,RB,Nebraska,1,1,5.78,89,1
eni falayi,Eni Falayi,TE,Wake Forest,1,1,,?,1
enrique cruz jr.,Enrique Cruz Jr.,OG,Kansas,1,1,9.99,?,1
ephesians prysock,Ephesians Prysock,CB,Washington,1,1,9.9,163,1
eric butler,Eric Butler,S,San Diego State,0,1,,?,1
eric genry,Eric Genry,LB,Southern California,1,0,,,1
eric gentry,Eric Gentry,LB,USC,1,1,,196,1
eric mcalister,Eric McAlister,WR,Texas Christian,1,1,,?,1
eric o'neill,Eric O'Neill,ED,Rutgers,1,1,,?,1
eric rivers,Eric Rivers,WR,Georgia Tech,1,1,8.89,157,1
erick hunter,Erick Hunter,LB,Morgan State,1,1,,?,1
ethan burke,Ethan Burke,ED,Texas,1,1,,240,1
ethan conner,Ethan Conner,TE,Troy,0,1,,?,1
ethan johnson,Ethan Johnson,CB,Appalachian State,1,0,,,1
ethan onianwa,Ethan Onianwa,OG,Ohio State,1,1,,291,1
evan beernsten,Evan Beernsten,OG,Northwestern,1,0,7.27,,1
evan beerntsen,Evan Beerntsen,OG,Northwestern,1,1,,?,1
fa'alili fa'amoe,Fa'alili Fa'amoe,OT,Wake Forest,1,1,,249,1
febechi nwaiwu,Febechi Nwaiwu,OG,Oklahoma,1,1,7.19,?,1
fernando carmona,Fernando Carmona,OG,Arkansas,1,1,8.87,?,1
fernando carmona jr.,Fernando Carmona Jr.,OG,Arkansas,1,0,,,1
fernando mendoza,Fernando Mendoza,QB,Indiana,1,1,,2,1
fintan brose,Fintan Brose,G,Delaware,0,1,,?,1
fisher camac,Fisher Camac,ED,Virginia,0,1,,?,1
francis mauigoa,Francis Mauigoa,OT,Miami,1,1,,8,1
fred davis ii,Fred Davis II,CB,Northwestern,0,1,,?,1
fred perry,Fred Perry,S,West Virginia,1,0,,,1
freddie brock,Freddie Brock,HB,Georgia State,0,1,,?,1
gabe jacas,Gabe Jacas,DE,Illinois,1,1,,47,1
gabriel benyard,Gabriel Benyard,WR,Kennesaw State,0,1,,?,1
gabriel rubio,Gabriel Rubio,DL,Notre Dame,0,1,,?,1
gafa faga,Gafa Faga,DL,San José State,0,1,,?,1
garrett digiorgio,Garrett DiGiorgio,OT,UCLA,1,1,6.91,?,1
garrett nussmeier,Garrett Nussmeier,QB,Louisiana State,1,1,,64,1
garrett oakley,Garrett Oakley,TE,Kansas State,0,1,,?,1
gary bryant jr.,Gary Bryant Jr.,WR,Oregon,1,0,,,1
gary smith iii,Gary Smith III,DT,UCLA,1,1,,169,1
gavin gerhardt,Gavin Gerhardt,OC,Cincinnati,1,1,,?,1
gavin ortega,Gavin Ortega,OT,Weber State,0,1,,?,1
genesis smith,Genesis Smith,FS,Arizona,1,1,,42,1
gennings dunker,Gennings Dunker,OT,Iowa,1,1,8.61,88,1
geno vandemark,Geno VanDeMark,G,Alabama,0,1,,?,1
george gumbs,George Gumbs,ED,Florida,0,1,,?,1
george gumbs jr,George Gumbs Jr,DE,Florida,1,0,9.07,,1
germie bernard,Germie Bernard,WR,Alabama,1,1,9.04,84,1
gio el-hadi,Gio El-Hadi,G,Michigan,0,1,,?,1
giovanni el-hadi,Giovanni El-Hadi,OG,Michigan,1,0,,,1
gracen halton,Gracen Halton,DT,Oklahoma,1,1,9.23,78,1
grahm goering,Grahm Goering,WR,South Dakota State,0,1,,?,1
grayson james,Grayson James,QB,Boston College,1,1,,?,1
griffin wilde,Griffin Wilde,WR,Northwestern,0,1,,?,1
gunnar hansen,Gunnar Hansen,OT,Florida State,0,1,,?,1
gunner maldonado,Gunner Maldonado,S,Kansas State,1,1,,?,1
gus zilinskas,Gus Zilinskas,OC,Rutgers,1,1,,?,1
hank beatty,Hank Beatty,WR,Illinois,0,1,,?,1
harold perkins jr.,Harold Perkins Jr.,LB,Louisiana State,1,1,,179,1
harrison wallace iii,Harrison Wallace III,WR,Mississippi,1,1,,152,1
hayden large,Hayden Large,TE,Iowa,0,1,,?,1
haynes king,Haynes King,QB,Georgia Tech,1,1,9.55,?,1
heinrich haarberg,Heinrich Haarberg,TE,Nebraska,0,1,,?,1
henry lutovsky,Henry Lutovsky,G,Nebraska,0,1,,?,1
hezekiah masses,Hezekiah Masses,CB,California,1,1,6.07,151,1
hudson habermehl,Hudson Habermehl,TE,UCLA,1,0,,,1
hunter zambrano,Hunter Zambrano,G,Texas Tech,0,1,,?,1
ike iwunnah,Ike Iwunnah,DT,Michigan,1,0,,,1
ike larsen,Ike Larsen,S,Utah State,1,0,,,1
isaia glass,Isaia Glass,OT,Vanderbilt,1,1,,?,1
isaiah jatta,Isaiah Jatta,OT,BYU,1,1,,?,1
isaiah nwokobia,Isaiah Nwokobia,S,SMU,1,1,,?,1
isaiah revis,Isaiah Revis,S,San Jose State,1,0,,,1
isaiah smith,Isaiah Smith,ED,SMU,0,1,,?,1
isaiah world,Isaiah World,OT,Oregon,1,1,,245,1
izavion miller,Izavion Miller,OT,Auburn,1,1,,?,1
j'mari taylor,J'Mari Taylor,RB,Virginia,1,1,,211,1
j'mond tapp,J'Mond Tapp,ED,Southern Miss,1,0,,,1
j'onre reed,J'Onre Reed,OC,USC,0,1,,?,1
j. michael sturdivant,J. Michael Sturdivant,WR,Florida,1,0,9.96,,1
j.c. davis,J.C. Davis,OT,Illinois,1,1,7.29,118,1
j.michael sturdivant,J.Michael Sturdivant,WR,Florida,0,1,,?,1
ja'kobi lane,Ja'Kobi Lane,WR,Southern California,1,1,9.69,149,1
ja'mori maclin,Ja'Mori Maclin,WR,Kentucky,1,1,,?,1
jabari mack,Jabari Mack,CB,Louisville,1,1,,?,1
jack dingle,Jack Dingle,LB,Cincinnati,0,1,,?,1
jack endries,Jack Endries,TE,Texas,1,1,9.39,189,1
jack hollifield,Jack Hollifield,OC,Tulane,1,0,,,1
jack kelly,Jack Kelly,LB,BYU,1,1,9.81,194,1
jack pyburn,Jack Pyburn,DE,Louisiana State,1,1,,127,1
jack stonehouse,Jack Stonehouse,PK,Syracuse,1,0,,,1
jack strand,Jack Strand,QB,MSU Moorhead,1,1,,?,1
jack velling,Jack Velling,TE,Michigan State,1,1,,266,1
jack walsh,Jack Walsh,OC,Wyoming,0,1,,?,1
jackie marshall,Jackie Marshall,DT,Baylor,1,1,8.66,?,1
jackson carsello,Jackson Carsello,OC,Northwestern,0,1,,?,1
jackson kuwatch,Jackson Kuwatch,LB,Miami (OH),0,1,,?,1
jacob clark,Jacob Clark,QB,Missouri State,1,1,,?,1
jacob de jesus,Jacob De Jesus,WR,California,0,1,,?,1
jacob dennison,Jacob Dennison,G,Wake Forest,0,1,,?,1
jacob finley,Jacob Finley,CB,Northern Illinois,1,0,,,1
jacob rodriguez,Jacob Rodriguez,LB,Texas Tech,1,1,9.52,97,1
jacob thomas,Jacob Thomas,S,James Madison,0,1,,?,1
jacobian guillory ii,Jacobian Guillory II,DL,LSU,0,1,,?,1
jadarian price,Jadarian Price,RB,Notre Dame,1,1,8.37,72,1
jaden dugger,Jaden Dugger,LB,Louisiana,1,1,,?,1
jaden keller,Jaden Keller,LB,Virginia Tech,0,1,,?,1
jaden nixon,Jaden Nixon,RB,UCF,1,1,,?,1
jadon canady,Jadon Canady,CB,Oregon,1,1,,80,1
jaeden roberts,Jaeden Roberts,OG,Alabama,1,1,,259,1
jager burton,Jager Burton,OC,Kentucky,1,1,9.93,221,1
jah-marien latham,Jah-Marien Latham,DT,Alabama,1,1,,?,1
jaheem joseph,Jaheem Joseph,S,UNLV,0,1,,?,1
jahmal edrine,Jahmal Edrine,WR,Virginia,0,1,,?,1
jahmeer carter,Jahmeer Carter,DL,Virginia,0,1,,?,1
jahron manning,Jahron Manning,S,Mississippi State,1,0,,,1
jaidyn denis,Jaidyn Denis,CB,Memphis,0,1,,?,1
jairus mack,Jairus Mack,WR,Western Kentucky,0,1,,?,1
jaishawn barham,Jaishawn Barham,DE,Michigan,1,1,8.72,164,1
jakai moore,Jakai Moore,G,North Carolina,0,1,,?,1
jake golday,Jake Golday,LB,Cincinnati,1,1,9.73,55,1
jake retzlaff,Jake Retzlaff,QB,Tulane,0,1,,?,1
jake slaughter,Jake Slaughter,OC,Florida,1,1,9.91,193,1
jake timm,Jake Timm,OC,Buffalo,0,1,,?,1
jakobe thomas,Jakobe Thomas,SS,Miami,1,1,,183,1
jaleel skinner,Jaleel Skinner,TE,Louisville,0,1,,?,1
jalen catalon,Jalen Catalon,S,Missouri,0,1,,?,1
jalen farmer,Jalen Farmer,OG,Kentucky,1,1,9.67,120,1
jalen huskey,Jalen Huskey,FS,Maryland,1,1,,165,1
jalen jones,Jalen Jones,CB,William & Mary,1,1,,282,1
jalen logan-redding,Jalen Logan-Redding,DT,Minnesota,1,1,,?,1
jalen mcmurray,Jalen McMurray,CB,Tennessee,1,1,,252,1
jalen st. john,Jalen St. John,OT,Purdue,0,1,,?,1
jalen stroman,Jalen Stroman,S,Notre Dame,1,1,,?,1
jalen walthall,Jalen Walthall,WR,Incarnate Word,1,1,7.03,261,1
jalil farooq,Jalil Farooq,WR,Maryland,1,1,,?,1
jalon daniels,Jalon Daniels,QB,Kansas,1,1,,?,1
jalon kilgore,Jalon Kilgore,SS,South Carolina,1,1,9.66,124,1
jam miller,Jam Miller,RB,Alabama,1,1,7.31,?,1
jamal haynes,Jamal Haynes,RB,Georgia Tech,1,1,,?,1
james ash,James Ash,DT,Auburn,1,0,,,1
james brockermeyer,James Brockermeyer,OC,Miami (FL),1,1,,209,1
james ferguson-reynolds,James Ferguson-Reynolds,P,Oregon,1,0,,,1
james jackson,James Jackson,LB,Virginia,0,1,,?,1
james neal iii,James Neal III,OT,Iowa State,0,1,,237,1
james thompson jr.,James Thompson Jr.,DT,Illinois,1,1,,?,1
jameson geers,Jameson Geers,TE,Minnesota,1,1,,?,1
jameson tucker,Jameson Tucker,WR,Coastal Carolina,0,1,,?,1
jamichael mcgoy,JaMichael McGoy,CB,UT Martin,1,0,,,1
jamichael mcgoy jr.,JaMichael McGoy Jr.,CB,UT Martin,0,1,,?,1
jaquez moore,Jaquez Moore,RB,Duke,1,1,,?,1
jared brown,Jared Brown,WR,South Carolina,1,1,,?,1
jared dawson,Jared Dawson,DL,Notre Dame,0,1,,?,1
jaren kanak,Jaren Kanak,TE,Oklahoma,1,1,8.44,?,1
jaren kump,Jaren Kump,OC,Utah,1,1,,289,1
jarod washington,Jarod Washington,CB,South Carolina State,0,1,,?,1
jason henderson,Jason Henderson,LB,Old Dominion,0,1,,?,1
javin whatley,Javin Whatley,WR,Arizona,1,1,,?,1
javin wright,Javin Wright,LB,Nebraska,0,1,,?,1
javon mcintyre,Javon McIntyre,S,Pittsburgh,1,1,,?,1
jax harrington,Jax Harrington,OG,Louisiana,1,1,,?,1
jayden virgin-morgan,Jayden Virgin-Morgan,ED,Boise State,0,1,,?,1
jayden williams,Jayden Williams,OT,Ole Miss,0,1,,257,1
jaydn ott,Jaydn Ott,RB,Oklahoma,1,1,,?,1
jaylen cottrell,Jaylen Cottrell,RB,Central Oklahoma,1,0,,,1
jaylen sneed,Jaylen Sneed,LB,Notre Dame,1,0,,,1
jaylon guilbeau,Jaylon Guilbeau,CB,Texas,1,1,,?,1
jc davis,JC Davis,OT,Illinois,1,0,,,1
jeadyn lukus,Jeadyn Lukus,CB,Clemson,1,1,,?,1
jeff caldwell,Jeff Caldwell,WR,Cincinnati,1,1,9.99,?,1
jeff persi,Jeff Persi,OT,Pittsburgh,0,1,,?,1
jeffrey m'ba,Jeffrey M'ba,DT,SMU,1,1,,?,1
jerand bradley,Jerand Bradley,WR,Kansas State,1,1,,?,1
jeremiah franklin,Jeremiah Franklin,TE,Boston College,0,1,,?,1
jeremiah johnson,Jeremiah Johnson,S,NC State,1,0,,,1
jeremiah williams,Jeremiah Williams,DT,Jackson State,1,0,,,1
jeremiah wilson,Jeremiah Wilson,CB,Florida State,1,1,,286,1
jeremiah wright,Jeremiah Wright,OG,Auburn,1,1,,172,1
jeremiyah love,Jeremiyah Love,RB,Notre Dame,1,1,,12,1
jermod mccoy,Jermod McCoy,CB,Tennessee,1,1,,10,1
jett elad,Jett Elad,S,Rutgers,1,0,,,1
jimari butler,Jimari Butler,ED,LSU,0,1,,?,1
jimmori robinson,Jimmori Robinson,ED,West Virginia,1,1,,?,1
jimmy rolder,Jimmy Rolder,LB,Michigan,1,1,9.49,?,1
jj johnson,JJ Johnson,S,NC State,0,1,,?,1
joe cooper,Joe Cooper,G,Slippery Rock,0,1,,?,1
joe fagnano,Joe Fagnano,QB,Connecticut,1,1,8.55,?,1
joe royer,Joe Royer,TE,Cincinnati,1,1,,170,1
joey aguilar,Joey Aguilar,QB,Tennessee,1,1,,264,1
john michael gyllenborg,John Michael Gyllenborg,TE,Wyoming,1,1,9.92,187,1
johncarlos miller,Johncarlos Miller,TE,Texas Tech,0,1,,?,1
johncarlos miller ii,Johncarlos Miller II,TE,Texas Tech,1,0,,,1
jonah coleman,Jonah Coleman,RB,Washington,1,1,,93,1
jordan botelho,Jordan Botelho,ED,Notre Dame,1,0,,,1
jordan davis,Jordan Davis,OT,South Alabama,1,0,,,1
jordan dingle,Jordan Dingle,TE,South Carolina,0,1,,?,1
jordan dwyer,Jordan Dwyer,WR,TCU,0,1,,?,1
jordan favors,Jordan Favors,CB,Appalachian State,1,0,,,1
jordan hall,Jordan Hall,OT,Tulane,1,0,,,1
jordan hudson,Jordan Hudson,WR,Southern Methodist,1,1,,?,1
jordan pollard,Jordan Pollard,LB,San José State,0,1,,?,1
jordan spasojevic-moko,Jordan Spasojevic-Moko,G,California,0,1,,?,1
jordan van den berg,Jordan van den Berg,DL,Georgia Tech,0,1,,?,1
jordan van den burg,Jordan van den Burg,DT,Georgia Tech,1,0,,,1
jordan washington,Jordan Washington,CB,Stanford,1,0,,,1
jordan white,Jordan White,OC,Vanderbilt,1,1,,?,1
jordyn tyson,Jordyn Tyson,WR,Arizona State,1,1,,7,1
josh braun,Josh Braun,G,Kentucky,0,1,,271,1
josh cameron,Josh Cameron,WR,Baylor,1,1,,122,1
josh cuevas,Josh Cuevas,TE,Alabama,1,1,7.57,150,1
josh gesky,Josh Gesky,G,Illinois,0,1,,?,1
josh kattus,Josh Kattus,TE,Kentucky,0,1,,?,1
josh mccray,Josh McCray,HB,Georgia,0,1,,?,1
josh moten,Josh Moten,CB,Southern Miss,1,1,,210,1
josh thompson,Josh Thompson,OG,LSU,1,1,,186,1
joshua braun,Joshua Braun,OG,Kentucky,1,0,,,1
joshua eaton,Joshua Eaton,CB,Michigan State,1,1,,?,1
joshua josephs,Joshua Josephs,DE,Tennessee,1,1,,103,1
josiah green,Josiah Green,DT,Duke,1,1,,?,1
josiah trotter,Josiah Trotter,LB,Missouri,1,1,,48,1
jq hardaway,JQ Hardaway,CB,Kentucky,1,0,,,1
jt cornelius,JT Cornelius,OT,Monmouth,0,1,,?,1
jude bowry,Jude Bowry,OT,Boston College,1,1,9.55,216,1
julian gray,Julian Gray,RB,Liberty,1,1,,?,1
julian neal,Julian Neal,CB,Arkansas,1,1,9.49,130,1
junior tuihalamaka,Junior Tuihalamaka,ED,Notre Dame,0,1,,?,1
junior vandeross iii,Junior Vandeross III,WR,Toledo,1,1,,?,1
justin jefferson,Justin Jefferson,LB,Alabama,1,1,8.39,138,1
justin joly,Justin Joly,TE,North Carolina State,1,1,,58,1
justus ross-simmons,Justus Ross-Simmons,WR,Syracuse,1,1,,?,1
ka'ena decambra,Ka'ena Decambra,OC,Arizona,0,1,,?,1
kaden wetjen,Kaden Wetjen,WR,Iowa,1,1,6.56,188,1
kadyn proctor,Kadyn Proctor,OT,Alabama,1,1,9.26,23,1
kaelon black,Kaelon Black,RB,Indiana,1,1,,178,1
kage casey,Kage Casey,OT,Boise State,1,1,6,105,1
kahlil benson,Kahlil Benson,OT,Indiana,1,1,,279,1
kahlil saunders,Kahlil Saunders,DL,Kentucky,0,1,,?,1
kaidon salter,Kaidon Salter,QB,Colorado,1,1,,?,1
kaleb elarms-orr,Kaleb Elarms-Orr,LB,Texas Christian,1,1,9.71,125,1
kaleb proctor,Kaleb Proctor,DT,Southeastern Louisiana,1,1,9.12,192,1
kam dewberry,Kam Dewberry,OG,Alabama,1,1,,?,1
kam olds,Kam Olds,ED,Kentucky,0,1,,?,1
kamari ramsey,Kamari Ramsey,FS,Southern California,1,1,8.57,73,1
kameron hamilton,Kameron Hamilton,DL,Tulane,0,1,,?,1
kameron olds,Kameron Olds,ED,Kentucky,1,0,,,1
kani walker,Kani Walker,CB,Arkansas,1,1,,?,1
kapena gushiken,Kapena Gushiken,S,Ole Miss,1,1,,276,1
karon prunty,Karon Prunty,CB,Wake Forest,0,1,,?,1
karson sharar,Karson Sharar,LB,Iowa,1,1,9.54,262,1
kayden mcdonald,Kayden McDonald,DT,Ohio State,1,1,,29,1
kaytron allen,Kaytron Allen,RB,Penn State,1,1,,144,1
kc concepcion,KC Concepcion,WR,Texas A&M,1,1,,21,1
keagen trost,Keagen Trost,OG,Missouri,1,1,,79,1
keelan marion,Keelan Marion,WR,Miami,0,1,,203,1
keeshawn silver,Keeshawn Silver,DL,USC,0,1,,?,1
keionte scott,Keionte Scott,CB,Miami,1,1,,69,1
keith abney ii,Keith Abney II,CB,Arizona State,1,1,,61,1
kejon owens,Kejon Owens,RB,FIU,1,1,,?,1
keldric faulk,Keldric Faulk,DE,Auburn,1,1,,27,1
keli lawson,Keli Lawson,LB,UCF,1,1,,?,1
kendal daniels,Kendal Daniels,LB,Oklahoma,1,1,,233,1
kendrick law,Kendrick Law,WR,Kentucky,1,1,9.6,100,1
kentrel bullock,Kentrel Bullock,RB,South Alabama,1,1,,?,1
kenyon sadiq,Kenyon Sadiq,TE,Oregon,1,1,9.58,17,1
kenzel lawler,Kenzel Lawler,CB,Montana,1,0,,,1
keontez lewis,Keontez Lewis,WR,Oklahoma,1,0,,,1
kevin cline,Kevin Cline,OT,Boston College,0,1,,243,1
kevin coleman jr.,Kevin Coleman Jr.,WR,Missouri,1,1,6.45,133,1
kevon king,Kevon King,RB,Norfolk State,1,0,,,1
keylan rutledge,Keylan Rutledge,OG,Georgia Tech,1,1,9.61,106,1
keyron crawford,Keyron Crawford,DE,Auburn,1,1,,145,1
keyshaun elliott,Keyshaun Elliott,LB,Arizona State,1,1,,87,1
keyshawn james-newby,Keyshawn James-Newby,ED,New Mexico,1,1,,142,1
khalil dinkins,Khalil Dinkins,TE,Penn State,1,1,8.27,?,1
khalil jacobs,Khalil Jacobs,LB,Missouri,1,1,,?,1
khordae sydnor,Khordae Sydnor,ED,Vanderbilt,1,1,,235,1
kobe baynes,Kobe Baynes,OG,Kansas,1,1,,?,1
kobe prentice,Kobe Prentice,WR,Baylor,0,1,,?,1
kobe singleton,Kobe Singleton,CB,Oregon State,1,1,,?,1
kody huisman,Kody Huisman,DL,Virginia Tech,0,1,,?,1
kolbey taylor,Kolbey Taylor,CB,Vanderbilt,1,1,,?,1
kole wilson,Kole Wilson,WR,Baylor,1,1,,?,1
kolinu'u faaiu,Kolinu'u Faaiu,OC,Texas A&M,1,0,,,1
kris hutson,Kris Hutson,WR,Arizona,0,1,,?,1
kyirin heath,Kyirin Heath,TE,Southern Mississippi,0,1,,?,1
kyle louis,Kyle Louis,LB,Pittsburgh,1,1,9.1,68,1
kyle scott,Kyle Scott,OG,Arizona State,1,1,,?,1
kyndrich breedlove,Kyndrich Breedlove,CB,Arizona State,1,0,,,1
kyron drones,Kyron Drones,QB,Virginia Tech,1,1,,?,1
lake mcree,Lake McRee,TE,Southern California,1,1,,?,1
lance mason,Lance Mason,TE,Wisconsin,0,1,,?,1
lander barton,Lander Barton,LB,Utah,1,1,,176,1
landon robinson,Landon Robinson,DT,Navy,1,1,,?,1
langston patterson,Langston Patterson,LB,Vanderbilt,0,1,,?,1
lardarius webb jr.,Lardarius Webb Jr.,CB,Wake Forest,0,1,,?,1
laterrance welch,Laterrance Welch,CB,UNLV,1,0,,,1
latrell mccutchin sr.,Latrell McCutchin Sr.,CB,Houston,1,1,9.7,?,1
le'meke brockington,Le'Meke Brockington,WR,Minnesota,1,0,,,1
le'veon moss,Le'Veon Moss,RB,Texas A&M,1,1,,220,1
lee hunter,Lee Hunter,DT,Texas Tech,1,1,3.72,32,1
leon lowery,Leon Lowery,ED,Illinois,1,0,,,1
leshon williams,Leshon Williams,RB,Kansas,1,0,,,1
lewis bond,Lewis Bond,WR,Boston College,1,1,,?,1
liam becher,Liam Becher,G,North Dakota,0,1,,?,1
lincoln pare,Lincoln Pare,HB,Texas State,0,1,,?,1
lj johnson jr.,LJ Johnson Jr.,HB,California,0,1,,?,1
logan diggs,Logan Diggs,RB,Ole Miss,1,1,,?,1
logan fano,Logan Fano,DE,Utah,1,1,,?,1
logan jones,Logan Jones,OC,Iowa,1,1,9.66,95,1
logan kopp,Logan Kopp,LB,North Dakota State,1,0,,,1
logan loya,Logan Loya,WR,Minnesota,1,0,,,1
logan parr,Logan Parr,G,SMU,0,1,,?,1
logan taylor,Logan Taylor,OG,Boston College,1,1,9.28,166,1
lorenzo styles jr.,Lorenzo Styles Jr.,CB,Ohio State,1,1,9.96,?,1
louis brown iv,Louis Brown IV,WR,Baylor,0,1,,?,1
louis moore,Louis Moore,FS,Indiana,1,1,,137,1
lt overton,LT Overton,DE,Alabama,1,1,,132,1
luke altmyer,Luke Altmyer,QB,Illinois,1,1,7.05,214,1
luke petitbon,Luke Petitbon,OC,Florida State,1,1,,?,1
mac harris,Mac Harris,LB,South Florida,0,1,,?,1
makai lemon,Makai Lemon,WR,Southern California,1,1,,9,1
malachi bailey,Malachi Bailey,ED,Arizona,1,1,,292,1
malachi fields,Malachi Fields,WR,Notre Dame,1,1,7.5,77,1
malachi lawrence,Malachi Lawrence,DE,Central Florida,1,1,9.9,49,1
malcolm reed,Malcolm Reed,S,NC Central,1,0,,,1
malcom dewalt iv,Malcom DeWalt IV,CB,Akron,0,1,,?,1
malick sylla,Malick Sylla,ED,Mississippi State,0,1,,?,1
malik benson,Malik Benson,WR,Oregon,1,1,7.73,?,1
malik muhammad,Malik Muhammad,CB,Texas,1,1,9.45,198,1
malik rutherford,Malik Rutherford,WR,Georgia Tech,0,1,,?,1
malik spencer,Malik Spencer,S,Michigan State,1,1,,?,1
mansoor delane,Mansoor Delane,CB,Louisiana State,1,1,,14,1
marcellus marshall,Marcellus Marshall,G,Minnesota,0,1,,?,1
marcus allen,Marcus Allen,CB,North Carolina,1,1,8.91,?,1
mark gronowski,Mark Gronowski,QB,Iowa,1,1,,?,1
mark petry,Mark Petry,G,Syracuse,0,1,,?,1
markel bell,Markel Bell,OT,Miami,1,1,,153,1
marlin klein,Marlin Klein,TE,Michigan,1,1,9,?,1
marques watson-trent,Marques Watson-Trent,LB,Nebraska,1,0,,,1
marvin jones jr.,Marvin Jones Jr.,DE,Oklahoma,1,1,,289,1
mason murphy,Mason Murphy,OT,Auburn,0,1,,?,1
mason randolph,Mason Randolph,OC,Boise State,0,1,,?,1
mason reiger,Mason Reiger,DE,Wisconsin,1,1,9.53,?,1
matt gulbin,Matt Gulbin,OC,Michigan State,1,1,,60,1
matt lauter,Matt Lauter,TE,Boise State,1,1,,?,1
matt rose,Matt Rose,LB,Stanford,0,1,,?,1
matthew bedford,Matthew Bedford,OG,Oregon,1,0,,,1
matthew henry,Matthew Henry,WR,Western Kentucky,0,1,,?,1
matthew hibner,Matthew Hibner,TE,Southern Methodist,1,1,9.75,?,1
matthew mcdoom,Matthew McDoom,CB,Cincinnati,1,0,,,1
maurice westmoreland,Maurice Westmoreland,ED,Tulane,1,1,,?,1
maverick mcivor,Maverick McIvor,QB,Western Kentucky,1,1,,?,1
max bredeson,Max Bredeson,RB,Michigan,1,1,,?,1
max iheanachor,Max Iheanachor,OT,Arizona State,1,1,9.87,37,1
max klare,Max Klare,TE,Ohio State,1,1,,65,1
max llewellyn,Max Llewellyn,DE,Iowa,1,1,7.73,147,1
max tomczak,Max Tomczak,WR,Youngstown State,0,1,,?,1
melvin priestly,Melvin Priestly,G,Illinois,0,1,,288,1
micah davey,Micah Davey,LB,UTEP,0,1,,?,1
micah morris,Micah Morris,OG,Georgia,1,1,,271,1
micah pettus,Micah Pettus,OT,Florida State,1,1,,?,1
michael coats jr.,Michael Coats Jr.,CB,West Virginia,1,0,,,1
michael heldman,Michael Heldman,ED,Central Michigan,0,1,,265,1
michael kilbane,Michael Kilbane,ED,Northwestern,0,1,,?,1
michael mokofisi,Michael Mokofisi,OG,Utah,1,1,,279,1
michael taaffe,Michael Taaffe,FS,Texas,1,1,,?,1
michael trigg,Michael Trigg,TE,Baylor,1,1,,91,1
michael wortham,Michael Wortham,WR,Montana,0,1,,?,1
michah morris,Michah Morris,OG,Georgia,1,0,9.97,,1
mikail kamara,Mikail Kamara,ED,Indiana,1,1,,258,1
mike washington jr.,Mike Washington Jr.,RB,Arkansas,1,1,10,86,1
miles kitselman,Miles Kitselman,TE,Tennessee,1,1,5.84,?,1
miles scott,Miles Scott,CB,Illinois,1,1,,?,1
miller moss,Miller Moss,QB,Louisville,1,1,,273,1
monkell goodwine,Monkell Goodwine,DL,South Carolina,0,1,,283,1
monroe freeling,Monroe Freeling,OT,Georgia,1,1,9.99,15,1
montavious cunningham,Montavious Cunningham,OG,Virginia Tech,1,1,,?,1
myles rowser,Myles Rowser,S,Arizona State,1,1,,?,1
nadame tucker,Nadame Tucker,DE,Western Michigan,1,1,6.82,195,1
nakhi johnson,Nakhi Johnson,DT,Tulsa,1,0,,,1
namdi obiazor,Namdi Obiazor,LB,Texas Christian,1,1,9.12,?,1
nasir bowers,Nasir Bowers,CB,Toledo,1,1,,?,1
nate boerkircher,Nate Boerkircher,TE,Texas A&M,1,1,,?,1
nate pabst,Nate Pabst,OT,Bowling Green,0,1,,?,1
nathan voorhis,Nathan Voorhis,ED,Ball State,0,1,,?,1
nicholas singleton,Nicholas Singleton,RB,Penn State,1,1,,206,1
nick andersen,Nick Andersen,S,Wake Forest,0,1,,?,1
nick barrett,Nick Barrett,DT,South Carolina,1,1,7.85,135,1
nick dawkins,Nick Dawkins,OC,Penn State,0,1,,?,1
nikhai hill-green,Nikhai Hill-Green,LB,Alabama,1,0,,,1
noah avinger,Noah Avinger,CB,Utah State,1,0,,,1
noah josey,Noah Josey,G,Virginia,0,1,,?,1
noah miles,Noah Miles,ED,Howard,1,0,,,1
noah short,Noah Short,HB,Army,0,1,,?,1
noah thomas,Noah Thomas,WR,Georgia,1,1,,217,1
noah whittington,Noah Whittington,RB,Oregon,1,1,,?,1
nolan rucci,Nolan Rucci,OT,Penn State,1,1,,?,1
nyjalik kelly,Nyjalik Kelly,DE,Central Florida,1,1,7.62,?,1
nyland green,Nyland Green,CB,Arizona State,1,0,,,1
nyzier fourqurean,Nyzier Fourqurean,CB,Wisconsin,1,0,,,1
o'mega blake,O'Mega Blake,WR,Arkansas,1,1,,?,1
octavian smith jr.,Octavian Smith Jr.,WR,Maryland,0,1,,?,1
olaivavega ioane,Olaivavega Ioane,OG,Penn State,1,1,,13,1
omar aigbedion,Omar Aigbedion,G,Baylor,0,1,,?,1
omar cooper jr.,Omar Cooper Jr.,WR,Indiana,1,1,8.7,28,1
omari kelly,Omari Kelly,WR,Michigan State,1,1,,?,1
oscar delp,Oscar Delp,TE,Georgia,1,1,,115,1
owen heinecke,Owen Heinecke,LB,Oklahoma,1,1,7.86,250,1
parker brailsford,Parker Brailsford,OC,Alabama,1,1,8.47,197,1
pat coogan,Pat Coogan,OC,Indiana,1,1,,159,1
patrick kutas,Patrick Kutas,OG,Ole Miss,1,0,,,1
patrick payton,Patrick Payton,DE,Louisiana State,1,1,,267,1
paul brott,Paul Brott,DL,Montana State,0,1,,?,1
paul rubelt,Paul Rubelt,OT,UCF,0,1,,?,1
payton zdroik,Payton Zdroik,DL,Air Force,0,1,,?,1
percy lewis,Percy Lewis,OT,Ole Miss,1,0,,,1
pete nygra,Pete Nygra,OC,Louisville,0,1,,?,1
peter woods,Peter Woods,DT,Clemson,1,1,,26,1
phillip dunnam,Phillip Dunnam,S,UCF,1,1,,?,1
preston hodge,Preston Hodge,CB,Colorado,1,1,,?,1
preston stone,Preston Stone,QB,Northwestern,1,1,,?,1
pryce yates,Pryce Yates,ED,North Carolina,1,1,,?,1
quintayvious hutchins,Quintayvious Hutchins,DE,Boston College,1,1,5.49,?,1
quinten christensen,Quinten Christensen,G,South Dakota State,0,1,,?,1
r mason thomas,R Mason Thomas,DE,Oklahoma,1,1,,43,1
rahsul faison,Rahsul Faison,RB,South Carolina,1,1,,?,1
rahtrel perry,Rahtrel Perry,OT,Maryland,1,0,,,1
rara thomas,Rara Thomas,WR,Troy,0,1,,?,1
rashad battle,Rashad Battle,CB,Pittsburgh,1,1,,?,1
rasheed miller,Rasheed Miller,OT,Louisville,0,1,,?,1
rashod dubinion,Rashod Dubinion,HB,Appalachian State,0,1,,?,1
rayshaun benny,Rayshaun Benny,DT,Michigan,1,1,,?,1
red murdock,Red Murdock,LB,Buffalo,1,1,,148,1
reggie virgil,Reggie Virgil,WR,Texas Tech,1,1,7.78,?,1
rene konga,Rene Konga,DT,Louisville,1,1,,202,1
reuben fatheree ii,Reuben Fatheree II,OT,Texas A&M,0,1,,?,1
rex connors,Rex Connors,S,UC Davis,0,1,,?,1
ricardo hallman,Ricardo Hallman,CB,Wisconsin,1,1,,?,1
richie leonard iv,Richie Leonard IV,OG,Florida State,1,0,,,1
riley mahlman,Riley Mahlman,OT,Wisconsin,1,1,,?,1
riley nowakowski,Riley Nowakowski,TE,Indiana,1,1,7.96,180,1
rj maryland,RJ Maryland,TE,Southern Methodist,1,1,8.58,268,1
robert henry jr.,Robert Henry Jr.,RB,UTSA,1,1,6.81,?,1
robert spears-jennings,Robert Spears-Jennings,SS,Oklahoma,1,1,9.3,273,1
rocco spindler,Rocco Spindler,G,Nebraska,0,1,,?,1
rohan jones,Rohan Jones,TE,Arkansas,0,1,,244,1
roman hemby,Roman Hemby,RB,Indiana,1,1,,260,1
romello brinson,Romello Brinson,WR,SMU,1,1,,171,1
romello height,Romello Height,DE,Texas Tech,1,1,8.92,67,1
roy williams,Roy Williams,ED,Northern Illinois,1,1,,?,1
roydell williams,Roydell Williams,HB,Florida State,0,1,,?,1
rueben bain jr.,Rueben Bain jr.,DE,Miami,1,1,,5,1
ryan davis,Ryan Davis,WR,Utah,0,1,,?,1
ryan eckley,Ryan Eckley,PK,Michigan State,1,0,,,1
ryan lengyel,Ryan Lengyel,OG,Baylor,1,1,,?,1
ryan linthicum,Ryan Linthicum,OC,Clemson,1,1,,?,1
ryan mosesso,Ryan Mosesso,G,UMass,0,1,,?,1
sabastian harsh,Sabastian Harsh,ED,NC State,0,1,,?,1
sam brumfield,Sam Brumfield,LB,Memphis,0,1,,?,1
sam hagen,Sam Hagen,OT,South Dakota State,0,1,,?,1
sam hecht,Sam Hecht,OC,Kansas State,1,1,8.13,70,1
sam phillips,Sam Phillips,WR,Iowa,0,1,,?,1
sam roush,Sam Roush,TE,Stanford,1,1,9.94,?,1
samson okunlola,Samson Okunlola,G,Miami,0,1,,?,1
sawyer robertson,Sawyer Robertson,QB,Baylor,1,1,9.78,224,1
scooby williams,Scooby Williams,LB,Texas A&M,1,1,,?,1
sean brown,Sean Brown,LB,NC State,1,1,,?,1
seth mcgowan,Seth McGowan,RB,Kentucky,1,1,9.43,102,1
seydou traore,Seydou Traore,TE,Mississippi State,1,1,,?,1
shad banks jr.,Shad Banks Jr.,LB,UTSA,0,1,,?,1
shemar savage,Shemar Savage,WR,Jackson State,1,0,,,1
sheridan wilson,Sheridan Wilson,OC,Texas Tech,0,1,,?,1
shiyazh pete,Shiyazh Pete,OT,Kentucky,1,1,,286,1
shomari lawrence,Shomari Lawrence,HB,Missouri State,0,1,,?,1
shyheim brown,Shyheim Brown,S,Florida State,1,1,,?,1
sidney fugar,Sidney Fugar,OT,Baylor,1,1,,?,1
silas walters,Silas Walters,S,Miami (OH),1,1,,?,1
skyler bell,Skyler Bell,WR,Connecticut,1,1,9.66,116,1
skyler gill-howard,Skyler Gill-Howard,DT,Texas Tech,1,1,,154,1
skyler thomas,Skyler Thomas,S,Oregon State,1,1,,?,1
sonny styles,Sonny Styles,LB,Ohio State,1,1,9.99,1,1
spencer fano,Spencer Fano,OT,Utah,1,1,9.76,18,1
squirrel white,Squirrel White,WR,Florida State,1,1,,?,1
star thomas,Star Thomas,RB,Tennessee,1,1,,?,1
stephane voltaire,Stephane Voltaire,OT,Villanova,0,1,,218,1
stephen daley,Stephen Daley,ED,Indiana,0,1,,?,1
stephen hall,Stephen Hall,CB,Missouri,0,1,,?,1
t.j. harden,T.J. Harden,RB,SMU,1,0,,,1
t.j. parker,T.J. Parker,DE,Clemson,1,1,9.34,44,1
tacario davis,Tacario Davis,CB,Washington,1,1,9.76,231,1
tamon lynum,Tamon Lynum,CB,Pittsburgh,1,1,,?,1
tanner arkin,Tanner Arkin,TE,Illinois,0,1,,?,1
tanner koziol,Tanner Koziol,TE,Houston,1,1,9.72,162,1
taurean york,Taurean York,LB,Texas A&M,1,1,,185,1
tavian coleman,Tavian Coleman,DT,Colorado,1,1,,?,1
tay yanta,Tay Yanta,OC,North Texas,1,0,,,1
taylen green,Taylen Green,QB,Arkansas,1,1,9.99,177,1
ted hurst,Ted Hurst,WR,Georgia State,1,1,9.92,41,1
terion stewart,Terion Stewart,RB,Virginia Tech,1,1,,?,1
terrill davis,Terrill Davis,WR,Oklahoma State,0,1,,?,1
thaddeus dixon,Thaddeus Dixon,CB,North Carolina,1,1,,255,1
theran johnson,Theran Johnson,CB,Oregon,1,1,,?,1
tim keenan iii,Tim Keenan III,DT,Alabama,1,1,2.74,167,1
titan fleischmann,Titan Fleischmann,OT,Montana State,0,1,,?,1
tj ferguson,TJ Ferguson,OG,Syracuse,1,1,,?,1
tj guy,TJ Guy,ED,Michigan,1,1,,?,1
tj hall,TJ Hall,CB,Iowa,1,1,5.97,85,1
tj harden,TJ Harden,HB,SMU,0,1,,?,1
tj quinn,TJ Quinn,LB,Louisville,0,1,,?,1
toby payne,Toby Payne,TE,Marshall,0,1,,?,1
tomas rimac,Tomas Rimac,OG,Virginia Tech,1,1,,?,1
tommy castellanos,Tommy Castellanos,QB,Florida State,1,1,,?,1
tommy doman,Tommy Doman,P,Florida,1,0,,,1
tommy doman jr.,Tommy Doman Jr.,PK,Florida,1,0,,,1
tommy matheson,Tommy Matheson,OC,Boston College,1,0,,,1
tony grimes,Tony Grimes,CB,Purdue,1,0,,,1
toriano pride jr.,Toriano Pride Jr.,CB,Missouri,1,1,8.2,?,1
travali price,Travali Price,DT,NC State,1,0,,,1
travis burke,Travis Burke,OT,Memphis,1,1,9.09,?,1
travis shaw,Travis Shaw,DT,Texas,1,0,,,1
tre smith,Tre Smith,ED,Arizona,0,1,,?,1
tre williams,Tre Williams,DT,Michigan,1,0,,,1
trebor pena,Trebor Pena,WR,Penn State,0,1,,?,1
trent walker,Trent Walker,WR,Oregon State,0,1,,?,1
trevor brock,Trevor Brock,OT,Buffalo,0,1,,?,1
trey moore,Trey Moore,DE,Texas,1,1,8.7,?,1
trey smack,Trey Smack,PK,Florida,1,0,,,1
trey zuhn iii,Trey Zuhn III,OT,Texas A&M,1,1,,139,1
treydan stukes,Treydan Stukes,CB,Arizona,1,1,9.88,38,1
trinidad chambliss,Trinidad Chambliss,QB,Ole Miss,0,1,,94,1
tristan leigh,Tristan Leigh,OT,Clemson,1,1,,229,1
triston newson,Triston Newson,LB,Missouri,1,1,,?,1
ty buchanan,Ty Buchanan,OT,Arizona,0,1,,?,1
ty montgomery,Ty Montgomery,WR,John Carroll,0,1,,?,1
ty simpson,Ty Simpson,QB,Alabama,1,1,,36,1
tyler miller,Tyler Miller,OT,Iowa State,0,1,,?,1
tyler needham,Tyler Needham,OT,Rutgers,0,1,,?,1
tyler onyedim,Tyler Onyedim,DT,Texas A&M,1,1,,128,1
tyler van dyke,Tyler Van Dyke,QB,SMU,1,1,,?,1
tyre west,Tyre West,ED,Tennessee,1,1,,140,1
tyreak sapp,Tyreak Sapp,DE,Florida,1,1,,219,1
tyreek chappell,Tyreek Chappell,CB,Texas A&M,1,1,,?,1
tyren montgomery,Tyren Montgomery,WR,John Carroll,1,0,,,1
vincent anthony jr.,Vincent Anthony Jr.,DE,Duke,1,1,8.32,212,1
vinny anthony ii,Vinny Anthony II,WR,Wisconsin,1,1,7.55,?,1
virdel edwards ii,Virdel Edwards II,CB,Hawaii,1,0,,,1
vj payne,VJ Payne,SS,Kansas State,1,1,9.87,76,1
wade woodaz,Wade Woodaz,LB,Clemson,1,1,,?,1
walker eget,Walker Eget,QB,San José State,0,1,,?,1
walker parks,Walker Parks,OG,Clemson,1,1,,?,1
wendell moe jr.,Wendell Moe Jr.,OG,Tennessee,1,0,,,1
wesley bailey,Wesley Bailey,ED,Louisville,0,1,,?,1
wesley bissainthe,Wesley Bissainthe,LB,Miami,1,1,,?,1
wesley williams,Wesley Williams,DE,Duke,1,1,7.3,263,1
west weeks,West Weeks,LB,LSU,1,1,,?,1
weylin lapuaho,Weylin Lapuaho,G,BYU,0,1,,?,1
wilfredo aybar,Wilfredo Aybar,ED,Stanford,0,1,,?,1
will ferrin,Will Ferrin,K,BYU,1,0,,,1
will kacmarek,Will Kacmarek,TE,Ohio State,1,1,9.14,?,1
will lee iii,Will Lee III,CB,Texas A&M,1,1,9.46,99,1
will o'steen,Will O'Steen,OT,North Carolina,0,1,,?,1
will pauling,Will Pauling,WR,Notre Dame,1,0,,,1
william whitlow jr.,William Whitlow Jr.,ED,Memphis,1,0,,,1
wydett williams jr.,Wydett Williams Jr.,S,Ole Miss,1,1,,226,1
xavian sorey jr.,Xavian Sorey Jr.,LB,Arkansas,1,1,8.58,?,1
xavier nwankpa,Xavier Nwankpa,SS,Iowa,1,1,9.96,241,1
xavion alford,Xavion Alford,S,Arizona State,1,1,,?,1
yilanan ouattara,Yilanan Ouattara,DL,Vanderbilt,0,1,,?,1
zach barlev,Zach Barlev,OG,Old Dominion,1,0,,,1
zach calzada,Zach Calzada,QB,Kentucky,0,1,,?,1
zach palmer-smith,Zach Palmer-Smith,RB,Louisiana�Monroe,1,0,,,1
zachariah branch,Zachariah Branch,WR,Georgia,1,1,8.95,53,1
zakee wheatley,Zakee Wheatley,FS,Penn State,1,1,,114,1
zane durant,Zane Durant,DT,Penn State,1,1,9.2,190,1
zavion thomas,Zavion Thomas,WR,Louisiana State,1,1,9.03,161,1
zechariah poyser,Zechariah Poyser,S,Miami,0,1,,?,1
zen michalski,Zen Michalski,OT,Indiana,1,0,,,1
zion nelson,Zion Nelson,OT,SMU,0,1,,?,1
zion young,Zion Young,DE,Missouri,1,1,,56,1
zxavian harris,Zxavian Harris,DT,Mississippi,1,1,,222,1
