source_player_id,raw_full_name,raw_school_or_json,reason
5818,Aaron Civale,MIL,no_match_name_key
7223,Aaron Lewis,,no_match_name_key
8779,Abdul CarterPenn,,no_match_name_key
5924,Abimelec Ortiz,TEX,no_match_name_key
6018,Abner Uribe,MIL,no_match_name_key
5653,Adael Amador,COL,no_match_name_key
5976,Adam Mazur,MIA,no_match_name_key
6931,Addison West,,no_match_name_key
8684,Addison West,Western Michigan,no_match_name_key
6654,Adepoju Adebawore,Oklahoma,no_match_name_key
8670,Adin Huntington,Tulane,no_match_name_key
5686,Adrian Del Castillo,AZ,no_match_name_key
4800,Aeneas Peebles,,no_match_name_key
6864,Aeneas Peebles,,no_match_name_key
5664,Agustin Ramirez,MIA,no_match_name_key
9050,Ahmed HassaneinBoise,,no_match_name_key
7108,Aidan Keanaaina,,no_match_name_key
5562,Aidan Miller,PHI,no_match_name_key
5634,Aidan Smith,TB,no_match_name_key
8709,Aiden Williams,Minnesota-Duluth,no_match_name_key
9562,Ainias Smith,PHI,no_match_name_key
4731,Aireontae Ersery,,no_match_name_key
6767,Aireontae Ersery,,no_match_name_key
8924,Ajani CorneliusOregon,,no_match_name_key
6656,AJ Harris,Georgia,no_match_name_key
5611,AJ Smith-Shawver,ATL,no_match_name_key
6944,Akili Arnold,,no_match_name_key
5865,Alan Roden,TOR,no_match_name_key
10747,Albert Regis,,ambiguous_name_key_2
5660,Alec Burleson,STL,no_match_name_key
5829,Alejandro Kirk,TOR,no_match_name_key
5950,Alejandro Osuna,TEX,no_match_name_key
5671,Alejandro Rosario,TEX,no_match_name_key
6003,Alek Thomas,AZ,no_match_name_key
6010,Alex Call,WSH,no_match_name_key
5927,Alex Clemmey,WSH,no_match_name_key
5834,Alex Freeland,LAD,no_match_name_key
6946,Alex Mastromanno,,no_match_name_key
5953,Alex Vesia,LAD,no_match_name_key
8838,Alfred CollinsTexas,,no_match_name_key
5937,Alfredo Duno,CIN,no_match_name_key
7169,Ali Jennings,,no_match_name_key
7028,Amari Kight,,no_match_name_key
5874,Andre Pallante,STL,no_match_name_key
6875,Andres Borregales,,no_match_name_key
5666,Andrew Abbott,CIN,no_match_name_key
5960,Andrew Benintendi,CWS,no_match_name_key
5947,Andrew Morris,MIN,no_match_name_key
8885,Andrew MukubaTexas,,no_match_name_key
5532,Andrew Painter,PHI,no_match_name_key
9546,Andy Dalton,CAR,no_match_name_key
5670,Andy Pages,LAD,no_match_name_key
5713,Angel Genao,CLE,no_match_name_key
6034,Angel Martinez,CLE,no_match_name_key
7099,Antario Brown,,no_match_name_key
4762,Anthony Belton,,no_match_name_key
6832,Anthony Belton,,no_match_name_key
9561,Anthony Gould,IND,no_match_name_key
10618,Anthony Hill Jr.,,ambiguous_name_key_3
10893,Anthony Hill Jr.,,ambiguous_name_key_3
10943,Anthony Hill Jr.,,ambiguous_name_key_3
5919,Anthony Solometo,PIT,no_match_name_key
4820,Antwaun Powell-Ryland,,no_match_name_key
6878,Antwaun Powell-Ryland,,no_match_name_key
6632,Arch Manning,Texas,no_match_name_key
8948,Arian SmithGeorgia,,no_match_name_key
5669,Arjun Nimmala,TOR,no_match_name_key
8786,Armand MembouMissouri,,no_match_name_key
10578,Arvell Reese,,ambiguous_name_key_4
10860,Arvell Reese,,ambiguous_name_key_4
10910,Arvell Reese,,ambiguous_name_key_4
9576,Ashton Dulin,IND,no_match_name_key
4769,Ashton Gillotte,,no_match_name_key
6816,Ashton Gillotte,,no_match_name_key
8783,Ashton JeantyBoise,,no_match_name_key
7008,Aubrey Burks,,no_match_name_key
8757,Austin Brinkman,West Virginia,no_match_name_key
5977,Austin Hays,CIN,no_match_name_key
5590,Austin Wells,NYY,no_match_name_key
10603,Avieon Terrell,,ambiguous_name_key_3
10876,Avieon Terrell,,ambiguous_name_key_3
10926,Avieon Terrell,,ambiguous_name_key_3
7032,Aydan White,,no_match_name_key
8807,Azareye'h ThomasFlorida,,no_match_name_key
10262,Baltimore Ravens D/ST,BAL,no_match_name_key
4931,Bam Martin-Scott,,ambiguous_name_key_2
7058,Bam Martin-Scott,,ambiguous_name_key_2
8898,Barrett CarterClemson,,no_match_name_key
8901,Barryn SorrellTexas,,no_match_name_key
7084,Beaux Collins,,no_match_name_key
8724,Beaux Collins,Notre Dame,no_match_name_key
5580,Ben Brown,CHC,no_match_name_key
7112,Ben Bywater,,no_match_name_key
5946,Ben Casparius,LAD,no_match_name_key
5905,Ben Hess,NYY,no_match_name_key
8822,Benjamin MorrisonNotre,,no_match_name_key
5623,Ben Joyce,LAA,no_match_name_key
5973,Ben Lively,CLE,no_match_name_key
5928,Benny Montgomery,COL,no_match_name_key
4882,Bilhal Kone,,no_match_name_key
6952,Bilhal Kone,,no_match_name_key
8718,B.J. Mayes,Texas A&M,no_match_name_key
5879,Blade Tidwell,NYM,no_match_name_key
6024,Blake Burke,MIL,no_match_name_key
5868,Blake Mitchell,KC,no_match_name_key
5938,Blake Treinen,LAD,no_match_name_key
8773,Blayne Taylor,Abilene Christian,no_match_name_key
5929,Blaze Jordan,BOS,no_match_name_key
5597,Bobby Miller,LAD,no_match_name_key
5672,Bo Naylor,CLE,no_match_name_key
5574,Braden Montgomery,CWS,no_match_name_key
5649,Brady House,WSH,no_match_name_key
8867,Bradyn SwinsonLSU,,no_match_name_key
5877,Brailer Guerrero,TB,no_match_name_key
4839,Brandon Adams,,no_match_name_key
6983,Brandon Adams,,no_match_name_key
6037,Brandon Barriera,TOR,no_match_name_key
10610,Brandon Cisse,,ambiguous_name_key_3
10884,Brandon Cisse,,ambiguous_name_key_3
10934,Brandon Cisse,,ambiguous_name_key_3
4892,Brandon Crenshaw-Dickson,,ambiguous_name_key_2
5447,Brandon Crenshaw-Dickson,,ambiguous_name_key_2
6920,Brandon Crenshaw-Dickson,,ambiguous_name_key_2
9005,Brandon Crenshaw-DicksonFlorida,,no_match_name_key
6678,Brandon Inniss,Ohio State,no_match_name_key
5692,Brandon Marsh,PHI,no_match_name_key
5583,Brandon Sproat,NYM,no_match_name_key
7208,Brandon Thomas,,no_match_name_key
5843,Brandon Winokur,MIN,no_match_name_key
4915,Branson Taylor,,no_match_name_key
4957,Brant Kuithe,,no_match_name_key
5057,Brant Kuithe,Utah,no_match_name_key
6987,Brant Kuithe,,no_match_name_key
6718,Bravion Rogers,Texas A&M,no_match_name_key
5708,Braxton Ashcraft,PIT,no_match_name_key
5633,Brayan Bello,BOS,no_match_name_key
5863,Brayan Rocchio,CLE,no_match_name_key
5667,Brayden Taylor,TB,no_match_name_key
6026,Braylon Doughty,CLE,no_match_name_key
5761,Braylon Payne,MIL,no_match_name_key
6016,Brendan Rodgers,HOU,no_match_name_key
9559,Brenden Rice,LAC,no_match_name_key
7034,Brennan Presley,,no_match_name_key
8702,Brennan Presley,Oklahoma State,no_match_name_key
5693,Brett Baty,NYM,no_match_name_key
5993,Brett Wichrowski,MIL,no_match_name_key
7140,Brian Ugwu,,no_match_name_key
5702,Brice Matthews,HOU,no_match_name_key
5983,Brock Porter,TEX,no_match_name_key
5769,Brock Wilken,MIL,no_match_name_key
5962,Brody Brecht,COL,no_match_name_key
5912,Brody Hopkins,TB,no_match_name_key
6031,Brooks Baldwin,CWS,no_match_name_key
5651,Brooks Lee,MIN,no_match_name_key
8969,Bru McCoyTennessee,,no_match_name_key
5782,Bryan Abreu,HOU,no_match_name_key
7066,Bryan Felter,,no_match_name_key
5915,Bryan Ramos,CWS,no_match_name_key
4951,Bryce Cabeldue,,no_match_name_key
5549,Bryce Eldridge,SF,no_match_name_key
5647,Bryce Rainer,DET,no_match_name_key
7068,Bryson Eason,,ambiguous_name_key_2
5528,Bubba Chandler,PIT,no_match_name_key
5598,Byron Buxton,MIN,no_match_name_key
5773,Cade Cavalli,WSH,no_match_name_key
5604,Cade Horton,CHC,no_match_name_key
5656,Caden Dana,LAA,no_match_name_key
6685,Caden Jenkins,Baylor,no_match_name_key
5039,Caden Prieskorn,Ole Miss,no_match_name_key
7090,Caden Prieskorn,,no_match_name_key
5688,Cade Povich,BAL,no_match_name_key
10606,Caleb Banks,,ambiguous_name_key_4
10895,Caleb Banks,,ambiguous_name_key_4
10945,Caleb Banks,,ambiguous_name_key_4
5757,Caleb Durbin,MIL,no_match_name_key
4888,Caleb Ransaw,,no_match_name_key
6927,Caleb Ransaw,,no_match_name_key
8959,Caleb RogersTexas,,no_match_name_key
7120,Cal Haladay,,no_match_name_key
6697,Calvin Simpson-Hunt,Ohio State,no_match_name_key
5736,Cam Caminiti,ATL,no_match_name_key
5657,Cam Collier,CIN,no_match_name_key
6705,Cameron Seldon,Tennessee,no_match_name_key
8854,Cameron WilliamsTexas,,no_match_name_key
4921,Cam Horsley,,ambiguous_name_key_2
6960,Cam Horsley,,ambiguous_name_key_2
5800,Camilo Doval,SF,no_match_name_key
8962,Cam JacksonFlorida,,no_match_name_key
7201,Campbell Barrington,,no_match_name_key
8751,Cam'Ron Johnson,Missouri,no_match_name_key
8704,Cam'Ron Silmon-Craig,Colorado,no_match_name_key
5537,Cam Smith,HOU,no_match_name_key
8785,Cam WardMiami,,no_match_name_key
8705,Car'Lin Vigers,Louisiana–Monroe,no_match_name_key
5952,Carlos Santana,CLE,no_match_name_key
5779,Carson Benge,NYM,no_match_name_key
5970,Carson Kelly,CHC,no_match_name_key
4722,Carson Schwesinger,,no_match_name_key
6790,Carson Schwesinger,,no_match_name_key
8912,Carson VinsonAlabama,,no_match_name_key
5716,Carson Whisenhunt,SF,no_match_name_key
5546,Carson Williams,TB,no_match_name_key
5891,Carter Jensen,KC,no_match_name_key
8667,Carter Runyon,Towson,no_match_name_key
9548,Case Keenum,CHI,no_match_name_key
6703,Cayden Green,Oklahoma,no_match_name_key
5601,Ceddanne Rafaela,BOS,no_match_name_key
5986,Chad Green,TOR,no_match_name_key
5027,Chandler Martin,Memphis,no_match_name_key
7063,Chandler Martin,,no_match_name_key
7161,Chandler Morris,,no_match_name_key
5636,Chandler Simpson,TB,no_match_name_key
7204,Chantz Williams,,no_match_name_key
5958,Charlee Soto,MIN,no_match_name_key
4746,Charles Grant,,no_match_name_key
6811,Charles Grant,,no_match_name_key
6681,Charles Jaguash,Notre Dame,no_match_name_key
5563,Charlie Condon,COL,no_match_name_key
5875,Charlie Morton,BAL,no_match_name_key
5545,Chase Burns,CIN,no_match_name_key
5997,Chase Davis,STL,no_match_name_key
5569,Chase DeLauter,CLE,no_match_name_key
5944,Chase Hampton,NYY,no_match_name_key
4827,Chase Lundt,,no_match_name_key
6889,Chase Lundt,,no_match_name_key
5889,Chase Meidroth,CWS,no_match_name_key
5700,Chase Petty,CIN,no_match_name_key
8752,Chaz Chambliss,Georgia,no_match_name_key
7183,Chico Bennett Jr.,,no_match_name_key
7137,Chidozie Nwankwo,,no_match_name_key
8892,Chimere DikeFlorida,,no_match_name_key
9577,Chris Blair,ATL,no_match_name_key
9948,Chris Boswell,PIT,no_match_name_key
8623,Chris Martin,TEX,no_match_name_key
10678,Chris McClellan,,ambiguous_name_key_2
10621,Christen Miller,,ambiguous_name_key_4
10907,Christen Miller,,ambiguous_name_key_4
10957,Christen Miller,,ambiguous_name_key_4
5586,Christian Encarnacion-Strand,CIN,no_match_name_key
6691,Christian Gray,Notre Dame,no_match_name_key
5556,Christian Moore,LAA,no_match_name_key
5655,Christian Scott,NYM,no_match_name_key
5648,Christopher Morel,TB,no_match_name_key
7168,Chris Tyree,,no_match_name_key
6631,CJ Baxter,Texas,no_match_name_key
9023,CJ DippreAlabama,,no_match_name_key
7200,Clarence Lewis,,no_match_name_key
10074,Clayton Tune,ARI,no_match_name_key
5550,Coby Mayo,BAL,no_match_name_key
5744,Cody Bradford,TEX,no_match_name_key
8909,Cody SimonOhio,,no_match_name_key
5685,Colby Thomas,ATH,no_match_name_key
5745,Cole Carrigg,COL,no_match_name_key
5613,Cole Young,SEA,no_match_name_key
7010,Collin Oliver,,no_match_name_key
7141,Collin Schlee,,no_match_name_key
5599,Colson Montgomery,CWS,no_match_name_key
8788,Colston LovelandMichigan,,no_match_name_key
5558,Colt Emerson,SEA,no_match_name_key
5560,Colt Keith,DET,no_match_name_key
10611,Colton Hood,,ambiguous_name_key_3
10890,Colton Hood,,ambiguous_name_key_3
10940,Colton Hood,,ambiguous_name_key_3
8753,Connor Bazelak,Bowling Green,no_match_name_key
4913,Connor Colby,,no_match_name_key
6904,Connor Colby,,no_match_name_key
10641,Connor Lew,,ambiguous_name_key_2
5591,Connor Norby,MIA,no_match_name_key
5982,Connor Phillips,CIN,no_match_name_key
5825,Connor Wong,BOS,no_match_name_key
5967,Cooper Hjerpe,STL,no_match_name_key
7026,Cooper Mays,,no_match_name_key
5786,Cooper Pratt,MIL,no_match_name_key
9535,Cooper Rush,BAL,no_match_name_key
7216,Corey Collier Jr.,,no_match_name_key
4926,Corey Kiner,,ambiguous_name_key_2
6962,Corey Kiner,,ambiguous_name_key_2
9431,Corey Kiner,SF,ambiguous_name_key_2
9951,Corey Kiner,SF,ambiguous_name_key_2
10463,Corey Kiner,SF,ambiguous_name_key_2
7142,Corey Rucker,,no_match_name_key
8671,Corey Thornton,Louisville,no_match_name_key
6938,Craig Woodson,,no_match_name_key
5933,Craig Yoho,MIL,no_match_name_key
5739,Cristian Javier,HOU,no_match_name_key
5638,Curtis Mead,TB,no_match_name_key
6719,DaKaari Nelson,Penn State,no_match_name_key
5579,Dalton Rushing,LAD,no_match_name_key
8896,Damien MartinezMiami,,no_match_name_key
6674,Damon Wilson,Georgia,no_match_name_key
5908,Daniel Espino,CLE,no_match_name_key
6710,Daniel Harris,Georgia,no_match_name_key
5068,Daniel Jackson,Minnesota,no_match_name_key
7044,Daniel Jackson,,no_match_name_key
9056,Dan JacksonGeorgia,,no_match_name_key
8748,Danny Striggow,Minnesota,no_match_name_key
4786,Danny Stutsman,,no_match_name_key
6807,Danny Stutsman,,no_match_name_key
6624,Dante Moore,UCLA,no_match_name_key
9481,Dante Pettis,NO,no_match_name_key
4718,Darien Porter,,no_match_name_key
6797,Darien Porter,,no_match_name_key
4711,Darius Alexander,,no_match_name_key
6814,Darius Alexander,,no_match_name_key
6664,Darius Taylor,Minnesota,no_match_name_key
10654,Darrell Jackson Jr.,,ambiguous_name_key_2
8736,Dartanyan Tinsley,Cincinnati,no_match_name_key
6672,Dashawn Womack,LSU,no_match_name_key
5760,Daulton Varsho,TOR,no_match_name_key
5802,David Bednar,PIT,no_match_name_key
5867,David Fry,CLE,no_match_name_key
8683,David Gbenda,Texas,no_match_name_key
10347,David Moore,CAR,no_match_name_key
7209,David Spaulding,,no_match_name_key
4813,David Walker,,no_match_name_key
6829,David Walker,,no_match_name_key
6993,Davin Vann,,no_match_name_key
9553,Davis Mills,HOU,no_match_name_key
7173,Davonte Brown,,no_match_name_key
7035,Dayon Hayes,,no_match_name_key
8766,Dean Clark,Fresno State,no_match_name_key
4927,Deandre Jules,,no_match_name_key
5043,DeAndre Jules,South Carolina,no_match_name_key
7083,DeAndre Jules,,no_match_name_key
5840,Dean Kremer,BAL,no_match_name_key
7031,De'Corian Clark,,no_match_name_key
7219,Deion Smith,,no_match_name_key
5831,Demetrio Crisantes,AZ,no_match_name_key
7211,Demond Demas,,no_match_name_key
10736,DeMonte Capehart,,ambiguous_name_key_2
7206,Demouy Kennedy,,no_match_name_key
6022,Dennis Santana,PIT,no_match_name_key
8961,Denzel BurkeOhio,,no_match_name_key
5880,Denzel Clarke,ATH,no_match_name_key
8904,Deone WalkerKentucky,,no_match_name_key
6702,Derek Williams,Texas,no_match_name_key
7198,Derek Wingo,,no_match_name_key
8801,Derrick HarmonOregon,,no_match_name_key
10640,Derrick Moore,,ambiguous_name_key_3
10903,Derrick Moore,,ambiguous_name_key_3
10953,Derrick Moore,,ambiguous_name_key_3
10070,Deshaun Watson,CLE,no_match_name_key
7154,Deshawn Pace,,no_match_name_key
7125,Desmond Evans,,no_match_name_key
6642,Desmond Ricks,Alabama,no_match_name_key
10073,Desmond Ridder,CIN,no_match_name_key
6949,Desmond Watson,,no_match_name_key
8765,Desmond Watson,Florida,no_match_name_key
10318,Detroit Lions D/ST,DET,no_match_name_key
7163,Devin Kirkwood,,no_match_name_key
5627,Deyvison De Los Santos,MIA,no_match_name_key
6015,Diego Cartaya,MIN,no_match_name_key
5995,Dillon Dingler,DET,no_match_name_key
8983,Dillon GabrielOregon,,no_match_name_key
5616,DJ Herz,WSH,no_match_name_key
6643,DJ Hicks,Texas A&M,no_match_name_key
7029,DJ Uiagalelei,,no_match_name_key
8717,D.J. Uiagalelei,Florida State,no_match_name_key
7122,Dominick Blaylock,,no_match_name_key
7103,Dominic Lovett,,no_match_name_key
10648,Domonique Orange,,ambiguous_name_key_3
7111,Donald Chaney,,no_match_name_key
9021,Donovan EdwardsMichigan,,no_match_name_key
4689,Donovan Ezeiruaku,,no_match_name_key
6774,Donovan Ezeiruaku,,no_match_name_key
8837,Donovan JacksonOhio,,no_match_name_key
6990,Donovan Smith,,no_match_name_key
7123,Dontae Manning,,no_match_name_key
8764,Dontae Manning,Oregon,no_match_name_key
6680,Dontavius Braswell,South Carolina,no_match_name_key
10682,Dontay Corleone,,ambiguous_name_key_2
7187,Donte Kent,,no_match_name_key
7133,Dorian Singer,,no_match_name_key
4797,Dorian Strong,,no_match_name_key
6843,Dorian Strong,,no_match_name_key
5614,Drake Baldwin,ATL,no_match_name_key
5774,Drew Gilbert,NYM,no_match_name_key
9552,Drew Lock,SEA,no_match_name_key
8729,Drew Moss,Colorado State,no_match_name_key
5898,Drew Romo,COL,no_match_name_key
9401,Drew Sample,CIN,no_match_name_key
5747,Drew Thorpe,CWS,no_match_name_key
5899,Drue Hackenberg,ATL,no_match_name_key
5719,Druw Jones,AZ,no_match_name_key
4328,Duce Chestnut,Syracuse,ambiguous_name_key_3
6386,Duce Chestnut,Syracuse,ambiguous_name_key_3
7937,Duce Chestnut,Syracuse,ambiguous_name_key_3
8213,Duce Chestnut,Syracuse,ambiguous_name_key_3
6660,Duce Robinson,Southern Cal,no_match_name_key
5887,Dylan Beavers,BAL,no_match_name_key
6668,Dylan Edwards,Colorado,no_match_name_key
8916,Dylan FairchildGeorgia,,no_match_name_key
5770,Dylan Lesko,TB,no_match_name_key
5854,Dylan Moore,SEA,no_match_name_key
8849,Dylan SampsonTennessee,,no_match_name_key
5703,Edgar Quero,CWS,no_match_name_key
5990,Edmundo Sosa,PHI,no_match_name_key
5813,Edouard Julien,MIN,no_match_name_key
5850,Eduardo Beltre,MIN,no_match_name_key
5792,Eduardo Quintero,LAD,no_match_name_key
5797,Eduardo Rodriguez,AZ,no_match_name_key
5839,Eduardo Tait,PHI,no_match_name_key
5696,Edward Cabrera,MIA,no_match_name_key
5778,Edwin Arroyo,CIN,no_match_name_key
5846,Edwin Uceta,TB,no_match_name_key
7176,EJ Smith,,no_match_name_key
4865,Eli Cox,,ambiguous_name_key_2
5420,Eli Cox,,ambiguous_name_key_2
7054,Eli Cox,,ambiguous_name_key_2
8978,Eli CoxKentucky,,no_match_name_key
4155,Eli Heidenreich,Navy,ambiguous_name_key_4
4570,Eli Heidenreich,Navy,ambiguous_name_key_4
6278,Eli Heidenreich,Navy,ambiguous_name_key_4
7463,Eli Heidenreich,Navy,ambiguous_name_key_4
7844,Eli Heidenreich,Navy,ambiguous_name_key_4
8120,Eli Heidenreich,Navy,ambiguous_name_key_4
8818,Elijah ArroyoMiami,,no_match_name_key
6021,Elijah Green,WSH,no_match_name_key
5006,Elijah Ponder,Cal Poly,no_match_name_key
4842,Elijah Roberts,,no_match_name_key
6901,Elijah Roberts,,no_match_name_key
4909,Elijah Simmons,,ambiguous_name_key_2
5464,Elijah Simmons,,ambiguous_name_key_2
7151,Elijah Simmons,,ambiguous_name_key_2
9022,Elijah SimmonsTennessee,,no_match_name_key
8812,Emeka EgbukaOhio,,no_match_name_key
5820,Emerson Hancock,SEA,no_match_name_key
5781,Emiliano Teodo,TEX,no_match_name_key
5592,Emil Morales,LAD,no_match_name_key
5548,Emmanuel Rodriguez,MIN,no_match_name_key
5776,Emmet Sheehan,LAD,no_match_name_key
5823,Endy Rodríguez,PIT,no_match_name_key
5777,Enrique Bradfield Jr.,BAL,no_match_name_key
6012,Enrique Hernández,LAD,no_match_name_key
5822,Eric Bitonti,MIL,no_match_name_key
5724,Erick Fedde,STL,no_match_name_key
6684,Eric Singleton Jr.,Georgia Tech,no_match_name_key
6028,Esteury Ruiz,LAD,no_match_name_key
5018,Ethan Downs,Oklahoma,no_match_name_key
7006,Ethan Downs,,no_match_name_key
8776,Ethan Garbers,UCLA,no_match_name_key
8728,Ethan Robinson,Minnesota,no_match_name_key
5603,Ethan Salas,SD,no_match_name_key
4876,Eugene Asante,,ambiguous_name_key_2
7152,Eugene Asante,,ambiguous_name_key_2
6628,Eugene Wilson III,Florida,no_match_name_key
5551,Evan Carter,TEX,no_match_name_key
5848,Evan Phillips,LAD,no_match_name_key
7190,Evan Prater,,no_match_name_key
5841,Everson Pereira,NYY,no_match_name_key
4851,Fadil Diggs,,no_match_name_key
6955,Fadil Diggs,,no_match_name_key
5581,Felnin Celesten,SEA,no_match_name_key
5023,Fentrell Cypress II,Florida State,no_match_name_key
7051,Fentrell Cypress III,,no_match_name_key
5553,Francisco Alvarez,NYM,no_match_name_key
8996,Francisco MauigoaMiami,,no_match_name_key
5853,Frankie Montas,NYM,no_match_name_key
7199,Frank Ladson Jr.,,no_match_name_key
5728,Franklin Arias,BOS,no_match_name_key
6023,Gabriel Arias,CLE,no_match_name_key
5951,Gabriel Gonzalez,MIN,no_match_name_key
5639,Gabriel Moreno,AZ,no_match_name_key
8755,Garmon Randolph,Baylor,no_match_name_key
9002,Garrett DellingerLSU,,no_match_name_key
7085,Garrett Greene,,no_match_name_key
8720,Garrett Greene,West Virginia,no_match_name_key
5584,Garrett Mitchell,MIL,no_match_name_key
5732,Garrett Whitlock,BOS,no_match_name_key
5901,Gary Gill Hill,TB,no_match_name_key
4891,Gavin Bartholomew,,no_match_name_key
7121,Gavin Bartholomew,,no_match_name_key
5984,Gavin Cross,KC,no_match_name_key
8772,Gavin Holmes,Texas,no_match_name_key
5715,Gavin Lux,CIN,no_match_name_key
5969,Gavin Sheets,SD,no_match_name_key
5710,Gavin Stone,LAD,no_match_name_key
7191,Gee Scott Jr.,,no_match_name_key
5826,George Klassen,LAA,no_match_name_key
5753,George Lombard Jr.,NYY,no_match_name_key
7115,Gerald Mincey,,no_match_name_key
5838,Geraldo Perdomo,AZ,no_match_name_key
6006,German Marquez,COL,no_match_name_key
5561,Gerrit Cole,NYY,no_match_name_key
7162,Gerry Bohanon,,no_match_name_key
5844,Giancarlo Stanton,NYY,no_match_name_key
7062,Giles Jackson,,no_match_name_key
7024,Gino Garcia,,no_match_name_key
8660,Glendon Miller,Maryland,no_match_name_key
10687,Gracen Halton,,ambiguous_name_key_2
7082,Graham Mertz,,no_match_name_key
5870,Grant Taylor,CWS,no_match_name_key
7202,Grayson McCall,,no_match_name_key
5910,Griffin Burkholder,PHI,no_match_name_key
5805,Griffin Canning,NYM,no_match_name_key
8863,Gunnar HelmTexas,,no_match_name_key
5070,Gus Hartwig,Purdue,no_match_name_key
5559,Hagen Smith,CWS,no_match_name_key
5862,DL Hall,MIL,no_match_name_key
7131,Hank Bachmeier,,no_match_name_key
6004,Harrison Bader,MIN,no_match_name_key
5680,Harry Ford,SEA,no_match_name_key
5637,Ha-Seong Kim,TB,no_match_name_key
5578,Hayden Birdsong,SF,no_match_name_key
9049,Hayden ConnerTexas,,no_match_name_key
5836,Henry Davis,PIT,no_match_name_key
6025,Henry Lalane,NYY,no_match_name_key
7003,Henry Parrish Jr.,,no_match_name_key
5585,Heston Kjerstad,BAL,no_match_name_key
4840,Howard Cross,,ambiguous_name_key_2
5395,Howard Cross,,ambiguous_name_key_2
6941,Howard Cross III,,ambiguous_name_key_2
8953,Howard Cross,,ambiguous_name_key_2
7100,Hudson Card,,no_match_name_key
5869,Hunter Gaddis,CLE,no_match_name_key
5809,Hunter Goodman,COL,no_match_name_key
6000,Hunter Harvey,KC,no_match_name_key
9291,Hunter Long,JAX,no_match_name_key
10518,Hunter Renfrow,CAR,no_match_name_key
4868,Hunter Wohler,,no_match_name_key
6981,Hunter Wohler,,no_match_name_key
5691,Hurston Waldrep,ATL,no_match_name_key
5718,Hyeseong Kim,LAD,no_match_name_key
6033,Hyun-Seok Jang,LAD,no_match_name_key
8769,Ian Kennelly,Grand Valley State,no_match_name_key
8993,Isaac TeSlaaArkansas,,no_match_name_key
8852,Isaiah BondTexas,,no_match_name_key
4999,Isaiah Neyor,Nebraska,no_match_name_key
7114,Isheem Young,,no_match_name_key
5941,Isiah Kiner-Falefa,PIT,no_match_name_key
5587,Iván Herrera,STL,no_match_name_key
9061,Jabbar MuhammadOregon,,no_match_name_key
5538,Jac Caglianone,KC,no_match_name_key
5652,Jace Jung,DET,no_match_name_key
8731,Jack Conley,Boston College,no_match_name_key
7160,Jack Howell,,no_match_name_key
8970,Jack KiserNotre,,no_match_name_key
5972,Jack Kochanowicz,LAA,no_match_name_key
8879,Jack SawyerOhio,,no_match_name_key
6652,Jackson Arnold,Oklahoma,no_match_name_key
5759,Jackson Baumeister,TB,no_match_name_key
5677,Jackson Ferris,LAD,no_match_name_key
8920,Jackson HawesGeorgia,,no_match_name_key
8716,Jackson Meeks,Syracuse,no_match_name_key
4960,Jackson Woodard,,ambiguous_name_key_2
7053,Jackson Woodard,,ambiguous_name_key_2
8973,Jacob BayerArkansas,,no_match_name_key
7179,Jacob Dobbs,,no_match_name_key
7070,Jacobe Covington,,no_match_name_key
5845,Jacob Melton,HOU,no_match_name_key
5600,Jacob Misiorowski,MIL,no_match_name_key
4768,Jacob Parrish,,no_match_name_key
6841,Jacob Parrish,,no_match_name_key
5824,Jacob Young,WSH,no_match_name_key
4933,Jacolby George,,ambiguous_name_key_2
5488,Jacolby George,,ambiguous_name_key_2
7128,Jacolby George,,ambiguous_name_key_2
9046,Jacolby GeorgeMiami,,no_match_name_key
6658,Jaden Greathouse,Notre Dame,no_match_name_key
5926,Jaden Hamm,DET,no_match_name_key
6669,Jaden Rashada,Arizona State,no_match_name_key
7147,Ja'Had Carter,,no_match_name_key
8789,Jahdae BarronTexas,,no_match_name_key
7214,Jahfari Harvey,,no_match_name_key
4829,Jah Joyner,,ambiguous_name_key_2
6879,Jah Joyner,,ambiguous_name_key_2
6704,Jahlil Hurley,Alabama,no_match_name_key
4918,Jahvaree Ritzie,,no_match_name_key
5053,Jahvaree Ritzie,North Carolina,no_match_name_key
6994,Jahvaree Ritzie,,no_match_name_key
5954,Jairo Iriarte,CWS,no_match_name_key
10695,Jaishawn Barham,,ambiguous_name_key_2
5576,Jaison Chourio,CLE,no_match_name_key
7217,Jakailin Johnson,,no_match_name_key
5935,Jake Bloss,TOR,no_match_name_key
4895,Jake Briningstool,,ambiguous_name_key_2
5450,Jake Briningstool,,ambiguous_name_key_2
6890,Jake Briningstool,,ambiguous_name_key_2
9407,Jake Briningstool,KC,ambiguous_name_key_2
9906,Jake Briningstool,KC,ambiguous_name_key_2
10401,Jake Briningstool,KC,ambiguous_name_key_2
9008,Jake BriningstoolClemson,,no_match_name_key
5746,Jake Cronenworth,SD,no_match_name_key
4955,Jake Majors,,ambiguous_name_key_2
5510,Jake Majors,,ambiguous_name_key_2
6852,Jake Majors,,ambiguous_name_key_2
9068,Jake MajorsTexas,,no_match_name_key
5742,Jake McCarthy,AZ,no_match_name_key
7110,Jake Smith,,no_match_name_key
8673,Jakobie Keeney-James,Massachusetts,no_match_name_key
8754,Jakob Robinson,BYU,no_match_name_key
9573,Jalen Brooks,DAL,no_match_name_key
6696,Jalen Hale,Alabama,no_match_name_key
7192,Jalen Kimber,,no_match_name_key
4869,Jalen McLeod,,no_match_name_key
6930,Jalen McLeod,,no_match_name_key
8858,Jalen MilroeAlabama,,no_match_name_key
8922,Jalen RiversMiami,,no_match_name_key
4830,Jalen Travis,,no_match_name_key
7009,Jalen Travis,,no_match_name_key
7157,Jalen White,,no_match_name_key
8745,Jalen White,Georgia Southern,no_match_name_key
4852,Jalin Conyers,,ambiguous_name_key_2
5407,Jalin Conyers,,ambiguous_name_key_2
7102,Jalin Conyers,,ambiguous_name_key_2
8965,Jalin ConyersTexas,,no_match_name_key
10688,Jalon Kilgore,,ambiguous_name_key_2
8784,Jalon WalkerGeorgia,,no_match_name_key
5050,Jamaal Pritchett,South Alabama,no_match_name_key
8918,Jamaree CaldwellOregon,,no_match_name_key
9560,Jamari Thrash,CLE,no_match_name_key
5010,James Burnip,Alabama,no_match_name_key
6882,James Burnip,,no_match_name_key
5793,Jameson Taillon,CHC,no_match_name_key
6682,James Smith,Alabama,no_match_name_key
5860,James Tibbs III,SF,no_match_name_key
5704,James Triantos,CHC,no_match_name_key
7129,Jam Griffin,,no_match_name_key
8679,Jamoi Mayes,Cincinnati,no_match_name_key
4897,Jamon Dumas-Johnson,,ambiguous_name_key_2
5452,Jamon Dumas-Johnson,,ambiguous_name_key_2
6963,Jamon Dumas-Johnson,,ambiguous_name_key_2
9010,Jamon Dumas-JohnsonKentucky,,no_match_name_key
9016,Ja'Quinden JacksonArkansas,,no_match_name_key
4861,Jared Harrison-Hunte,,no_match_name_key
4998,Jared Harrison-Hunte,SMU,no_match_name_key
7197,Jared Harrison-Hunte,,no_match_name_key
8877,Jared IveyOle,,no_match_name_key
8850,Jared WilsonGeorgia,,no_match_name_key
5612,Jarlin Susana,WSH,no_match_name_key
5784,Jarred Kelenic,ATL,no_match_name_key
9531,Jarrett Stidham,DEN,no_match_name_key
8722,Jarrod Hufford,Iowa State,no_match_name_key
7078,Jasheen Davis,,no_match_name_key
8696,Jasheen Davis,Wake Forest,no_match_name_key
5815,Jason Foley,DET,no_match_name_key
8774,Jason Ivey,North Carolina A&T,no_match_name_key
6667,Jason Moore,Ohio State,no_match_name_key
5523,Jasson Domínguez,NYY,no_match_name_key
6679,Javien Taviano,LSU,no_match_name_key
5852,Javier Assad,CHC,no_match_name_key
9493,Javon Baker,NE,no_match_name_key
7076,Javontez Spraggins,,no_match_name_key
8806,Jaxson DartOle,,no_match_name_key
8951,Jaydon BlueTexas,,no_match_name_key
4950,Jay Higgins,,ambiguous_name_key_2
6922,Jay Higgins,,ambiguous_name_key_2
8865,Jaylen ReedPenn,,no_match_name_key
8929,Jaylin SmithUSC,,no_match_name_key
7159,Jayson Jones,,no_match_name_key
7071,C.J. Baskerville,,no_match_name_key
5734,Jeferson Quero,MIL,no_match_name_key
5892,Jefferson Rojas,CHC,no_match_name_key
5921,Jeff McNeil,NYM,no_match_name_key
8950,Jeffrey BassaOregon,,no_match_name_key
5830,Jeimer Candelario,CIN,no_match_name_key
6708,Jelani McDonald,Texas,no_match_name_key
5795,Jeremiah Estrada,SD,no_match_name_key
6975,Jeremy Crawshaw,,no_match_name_key
7166,Jeremy James,,no_match_name_key
8687,Jerjuan Newton,Toledo,no_match_name_key
6639,Jermaine Mathews,Ohio State,no_match_name_key
8706,Jermaine Terry,Oregon State,no_match_name_key
4959,Jermari Harris,,no_match_name_key
5036,Jermari Harris,Iowa,no_match_name_key
6950,Jermari Harris,,no_match_name_key
7221,Jermayne Lole,,no_match_name_key
10590,Jermod McCoy,,ambiguous_name_key_3
10882,Jermod McCoy,,ambiguous_name_key_3
10932,Jermod McCoy,,ambiguous_name_key_3
5979,Jesse Winker,NYM,no_match_name_key
7210,Jestin Jacobs,,no_match_name_key
5547,Jesus Made,MIL,no_match_name_key
5650,Jett Williams,NYM,no_match_name_key
5640,Jhonkensy Noel,CLE,no_match_name_key
5794,Jhostynxon Garcia,BOS,no_match_name_key
8795,Jihaad CampbellAlabama,,no_match_name_key
8888,JJ PeguesOle,,no_match_name_key
7105,J.J. Weaver,,no_match_name_key
5541,JJ Wetherholt,STL,no_match_name_key
5893,C.J. Kayfus,CLE,no_match_name_key
5767,Jo Adell,LAA,no_match_name_key
8775,Joaquin Davis,North Carolina Central,no_match_name_key
5735,Joc Pederson,TEX,no_match_name_key
5764,Joe Boyle,TB,no_match_name_key
4930,Joe Huber,,ambiguous_name_key_2
7055,Joe Huber,,ambiguous_name_key_2
5945,Joel Payamps,MIL,no_match_name_key
9527,Joe Milton,DAL,no_match_name_key
5673,Joe Musgrove,SD,no_match_name_key
5697,Joendry Vargas,LAD,no_match_name_key
6662,Joenel Aguero,Georgia,no_match_name_key
5790,Joey Bart,PIT,no_match_name_key
5832,Joey Cantillo,CLE,no_match_name_key
5940,Joey Estes,ATH,no_match_name_key
5628,Joey Ortiz,MIL,no_match_name_key
7075,Joey Slackman,,no_match_name_key
7117,John Campbell Jr.,,no_match_name_key
7150,John Emery Jr.,,no_match_name_key
9474,John Metchie,HOU,no_match_name_key
8656,Johnny Walker,Missouri,no_match_name_key
9572,Johnny Wilson,PHI,no_match_name_key
6648,Johntay Cook II,Texas,no_match_name_key
5866,Jonah Heim,TEX,no_match_name_key
8930,Jonah MonheimUSC,,no_match_name_key
4714,Jonah Savaiinaea,,no_match_name_key
6766,Jonah Savaiinaea,,no_match_name_key
5787,Jonah Tong,NYM,no_match_name_key
4765,Jonas Sanker,,no_match_name_key
6853,Jonas Sanker,,no_match_name_key
5882,Jonatan Clase,TOR,no_match_name_key
5956,Jonathan Cannon,CWS,no_match_name_key
5617,Jonathan India,KC,no_match_name_key
7107,Jonathan Mendoza,,no_match_name_key
9486,Jonathan Mingo,DAL,no_match_name_key
5923,Jon Gray,TEX,no_match_name_key
5943,Jonny Deluca,TB,no_match_name_key
5663,Jonny Farmelo,SEA,no_match_name_key
5765,Jordan Beck,COL,no_match_name_key
8821,Jordan BurchOregon,,no_match_name_key
8692,Jordan Clark,Notre Dame,no_match_name_key
9029,Jordan HancockOhio,,no_match_name_key
8873,Jordan JamesOregon,,no_match_name_key
5542,Jordan Lawlar,AZ,no_match_name_key
8712,Jordan Moore,Duke,no_match_name_key
8680,Jordan Oladokun,Bowling Green,no_match_name_key
4789,Jordan Phillips,,no_match_name_key
6827,Jordan Phillips,,no_match_name_key
5808,Jordan Romano,PHI,no_match_name_key
5572,Jordan Walker,STL,no_match_name_key
7025,Jordan Watkins,,no_match_name_key
9569,Jordan Watkins,SF,no_match_name_key
9036,Jordan WilliamsGeorgia,,no_match_name_key
5934,Jorge Polanco,SEA,no_match_name_key
8851,Josaiah StewartMichigan,,no_match_name_key
5886,José Caballero,TB,no_match_name_key
5754,Jose Miranda,MIN,no_match_name_key
5925,Jose Perdomo,ATL,no_match_name_key
5988,Jose Quintana,MIL,no_match_name_key
5917,Josh Bell,WSH,no_match_name_key
9557,Josh Johnson,WSH,no_match_name_key
4963,Josh Kelly,,ambiguous_name_key_2
5518,Josh Kelly,,ambiguous_name_key_2
7060,Josh Kelly,,ambiguous_name_key_2
9076,Josh KellyTexas,,no_match_name_key
8685,Josh Priebe,Michigan,no_match_name_key
8808,Josh SimmonsOhio,,no_match_name_key
5806,Josh Smith,TEX,no_match_name_key
8841,Joshua FarmerFlorida,,no_match_name_key
4873,Joshua Gray,,ambiguous_name_key_2
5428,Joshua Gray,,ambiguous_name_key_2
6925,Joshua Gray,,ambiguous_name_key_2
8986,Joshua GrayOregon,,no_match_name_key
7205,Josh Williams,,no_match_name_key
5707,Josue Briceno,DET,no_match_name_key
5555,Josue De Paula,LAD,no_match_name_key
5897,J.P. Crawford,SEA,no_match_name_key
5918,JP Sears,ATH,no_match_name_key
5916,J.R. Ritchie,ATL,no_match_name_key
7130,JT Daniels,,no_match_name_key
6030,J.T. Ginn,ATH,no_match_name_key
8857,JT TuimoloauOhio,,no_match_name_key
5755,Juan Brito,CLE,no_match_name_key
7037,Julian Fleming,,no_match_name_key
4825,Junior Tafuna,,no_match_name_key
4980,Junior Tafuna,Utah,no_match_name_key
7048,Junior Tafuna,,no_match_name_key
5629,Jurickson Profar,ATL,no_match_name_key
5699,Jurrangelo Cijntje,SEA,no_match_name_key
6676,Jurrion Dickey,Oregon,no_match_name_key
6647,Justice Haynes,Alabama,no_match_name_key
4941,Justin Barron,,no_match_name_key
5032,Justin Barron,Syracuse,no_match_name_key
8768,Justin Barron,Syracuse,no_match_name_key
5582,Justin Crawford,PHI,no_match_name_key
7203,Justin Flowe,,no_match_name_key
5932,Justin Slaten,BOS,no_match_name_key
4952,Justin Walley,,no_match_name_key
7038,Justin Walley,,no_match_name_key
9361,Justin Watson,HOU,no_match_name_key
7092,Justin Whiteside,,no_match_name_key
7222,Justin Wright,,no_match_name_key
6009,Justin Wrobleski,LAD,no_match_name_key
6020,Justyn-Henry Malloy,DET,no_match_name_key
6695,J'ven Williams,Penn State,no_match_name_key
5939,Kaelen Culpepper,MIN,no_match_name_key
7004,Kai Kroeger,,no_match_name_key
4859,Kaimon Rucker,,no_match_name_key
4994,Kaimon Rucker,North Carolina,no_match_name_key
6871,Kaimon Rucker,,no_match_name_key
8957,Kalel MullingsMichigan,,no_match_name_key
7030,Kamren Fabiculanan,,no_match_name_key
5896,Kash Mayfield,SD,no_match_name_key
10605,Kayden McDonald,,ambiguous_name_key_4
10889,Kayden McDonald,,ambiguous_name_key_4
10939,Kayden McDonald,,ambiguous_name_key_4
6917,KeAndre Lambert-Smith,,no_match_name_key
5803,Ke'Bryan Hayes,PIT,no_match_name_key
9069,Keenan PiliTennessee,,no_match_name_key
5738,Keibert Ruiz,WSH,no_match_name_key
4004,Keionte Scott,Miami (FL),ambiguous_name_key_7
4388,Keionte Scott,Miami (Fla.),ambiguous_name_key_7
5139,Keionte Scott,Miami,ambiguous_name_key_7
6104,Keionte Scott,Miami,ambiguous_name_key_7
6597,Keionte Scott,Miami,ambiguous_name_key_7
7273,Keionte Scott,Miami (FL),ambiguous_name_key_7
7712,Keionte Scott,Miami,ambiguous_name_key_7
7988,Keionte Scott,Miami,ambiguous_name_key_7
10634,Keionte Scott,,ambiguous_name_key_7
10827,Keionte Scott,Miami,ambiguous_name_key_7
6711,Kelby Collins,Florida,no_match_name_key
5883,Kellon Lindsey,LAD,no_match_name_key
8739,Kelly Akharaiyi,Mississippi State,no_match_name_key
6717,Kelton Smith,Georgia,no_match_name_key
7181,Kendall Bohler,,no_match_name_key
8813,Kenneth GrantMichigan,,no_match_name_key
6686,Keon Keeley,Alabama,no_match_name_key
5622,Kevin Alcántara,CHC,no_match_name_key
6634,Kevin Concepcion,NC State,no_match_name_key
6999,Kevin Jennings,,no_match_name_key
5577,Kevin McGonigle,DET,no_match_name_key
6032,Kevin Parada,NYM,no_match_name_key
10685,Keyron Crawford,,ambiguous_name_key_2
7156,Khari Coleman,,no_match_name_key
7165,Khris Bogle,,no_match_name_key
6716,King Mack,Penn State,no_match_name_key
5762,Kirby Yates,LAD,no_match_name_key
6967,Kitan Crawford,,no_match_name_key
7073,KJ Jefferson,,no_match_name_key
4893,Kobe Hudson,,ambiguous_name_key_2
6935,Kobe Hudson,,ambiguous_name_key_2
9003,Kobe KingPenn,,no_match_name_key
8762,Kole Taylor,West Virginia,no_match_name_key
4929,Konata Mumpfield,,no_match_name_key
7079,Konata Mumpfield,,no_match_name_key
5564,Konnor Griffin,PIT,no_match_name_key
5552,Kumar Rocker,TEX,no_match_name_key
4917,Kurtis Rourke,,no_match_name_key
6860,Kurtis Rourke,,no_match_name_key
5668,Kutter Crawford,BOS,no_match_name_key
5605,Kyle Bradish,BAL,no_match_name_key
7113,Kyle Ford,,no_match_name_key
5964,Kyle Freeland,COL,no_match_name_key
5618,Kyle Harrison,SF,no_match_name_key
6014,Kyle Hendricks,LAA,no_match_name_key
5566,Kyle Manzardo,CLE,no_match_name_key
5994,Kyle Stowers,MIA,no_match_name_key
5595,Kyle Teel,CWS,no_match_name_key
9466,Kyle Trask,TB,no_match_name_key
7011,Kyren Lacy,,no_match_name_key
7182,Ladarius Tennison,,no_match_name_key
9067,LaJohntay WesterColorado,,no_match_name_key
5930,LaMonte Wade Jr.,SF,no_match_name_key
8733,Lance Dixon,Toledo,no_match_name_key
6650,Lance Heard,LSU,no_match_name_key
5992,Lance McCullers Jr.,HOU,no_match_name_key
8848,Landon JacksonArkansas,,no_match_name_key
8681,Lan Larison,UC Davis,no_match_name_key
8934,Lathan RansomOhio,,no_match_name_key
9575,Laviska Shenault Jr.,BUF,no_match_name_key
9921,Lawrence Cager,WSH,no_match_name_key
6663,Lawson Luckie,Georgia,no_match_name_key
5620,Lazaro Montes,SEA,no_match_name_key
5535,Leodalis De Vries,SD,no_match_name_key
5942,Leody Taveras,TEX,no_match_name_key
5999,Levi Sterling,PIT,no_match_name_key
5907,Liam Hendriks,BOS,no_match_name_key
5885,Logan Allen,CLE,no_match_name_key
5913,Logan Evans,SEA,no_match_name_key
5804,Logan Henderson,MIL,no_match_name_key
10720,Logan Jones,,ambiguous_name_key_2
6991,Logan Parr,,no_match_name_key
10722,Louis Moore,,ambiguous_name_key_2
4150,LT Overton,Alabama,ambiguous_name_key_3
4446,LT Overton,Alabama,ambiguous_name_key_3
5142,LT Overton,Alabama,ambiguous_name_key_3
6096,LT Overton,Alabama,ambiguous_name_key_3
6599,LT Overton,Alabama,ambiguous_name_key_3
7272,LT Overton,Alabama,ambiguous_name_key_3
7724,LT Overton,Alabama,ambiguous_name_key_3
8000,LT Overton,Alabama,ambiguous_name_key_3
10637,LT Overton,,ambiguous_name_key_3
10802,LT Overton,Alabama,ambiguous_name_key_3
5712,Lucas Erceg,KC,no_match_name_key
5741,Lucas Giolito,BOS,no_match_name_key
10274,Lucas Krull,DEN,no_match_name_key
5624,Luisangel Acuña,NYM,no_match_name_key
5911,Luis Baez,HOU,no_match_name_key
5706,Luis Matos,SF,no_match_name_key
5873,Luis Morales,ATH,no_match_name_key
5775,Luis Ortiz,CLE,no_match_name_key
6035,Luis Pena,MIL,no_match_name_key
5856,Luis Perales,BOS,no_match_name_key
5661,Luis Rengifo,LAA,no_match_name_key
6934,Luke Elzinga,,no_match_name_key
4894,Luke Kandra,,ambiguous_name_key_2
6873,Luke Kandra,,ambiguous_name_key_2
5594,Luke Keaschall,MIN,no_match_name_key
6670,Luke Montgomery,Ohio State,no_match_name_key
5821,Luke Raley,SEA,no_match_name_key
5812,Luke Weaver,NYY,no_match_name_key
8743,Maddux Trujillo,Temple,no_match_name_key
8708,Major Burns,LSU,no_match_name_key
7033,Makari Paige,,no_match_name_key
10680,Malachi Lawrence,,ambiguous_name_key_2
9013,Malachi MooreAlabama,,no_match_name_key
6622,Malachi Nelson,Southern Cal,no_match_name_key
8817,Malaki StarksGeorgia,,no_match_name_key
6714,Malik Hartford,Ohio State,no_match_name_key
7097,Maliq Carr,,no_match_name_key
10587,Mansoor Delane,,ambiguous_name_key_3
10873,Mansoor Delane,,ambiguous_name_key_3
10923,Mansoor Delane,,ambiguous_name_key_3
7170,Marcel Brooks,,no_match_name_key
5544,Marcelo Mayer,BOS,no_match_name_key
5827,Marco Luciano,SF,no_match_name_key
7196,Marcus Carroll,,no_match_name_key
7093,Marcus Dumervil,,no_match_name_key
7042,Marcus Harris,,no_match_name_key
7193,Marcus Major,,no_match_name_key
4742,Marcus Mbow,,no_match_name_key
6771,Marcus Mbow,,no_match_name_key
5975,Marcus Stroman,NYY,no_match_name_key
5061,Marcus Tate,Clemson,no_match_name_key
7178,Marcus Tate,,no_match_name_key
4853,Marcus Yarns,,no_match_name_key
4997,Marcus Yarns,Delaware,no_match_name_key
6982,Marcus Yarns,,no_match_name_key
7086,Mario Williams,,no_match_name_key
6655,Mark Fletcher,Miami (FL),no_match_name_key
7101,Marques Cox,,no_match_name_key
8741,Marques Cox,Kentucky,no_match_name_key
7043,Marques Sigle,,no_match_name_key
5751,Masataka Yoshida,BOS,no_match_name_key
7186,Mason Cobb,,no_match_name_key
8781,Mason GrahamMichigan,,no_match_name_key
5851,Mason Montgomery,TB,no_match_name_key
9549,Mason Rudolph,PIT,no_match_name_key
8826,Mason TaylorLSU,,no_match_name_key
6644,Matayo Uiagalelei,Oregon,no_match_name_key
5900,Matt Brash,SEA,no_match_name_key
8803,Matthew GoldenTexas,,no_match_name_key
5957,Matthew Liberatore,STL,no_match_name_key
10309,Matthew Wright,CAR,no_match_name_key
8714,Matt Jones,Baylor,no_match_name_key
6008,Matt Mervis,MIA,no_match_name_key
5524,Matt Shaw,CHC,no_match_name_key
5858,Matt Strahm,PHI,no_match_name_key
5763,Matt Vierling,DET,no_match_name_key
5635,Matt Wallner,MIN,no_match_name_key
7164,Maurice Smith,,no_match_name_key
6036,Max Acosta,MIA,no_match_name_key
4215,Max Bredeson,Michigan,ambiguous_name_key_3
4624,Max Bredeson,Michigan,ambiguous_name_key_3
6397,Max Bredeson,Michigan,ambiguous_name_key_3
7441,Max Bredeson,Michigan,ambiguous_name_key_3
5539,Max Clark,DET,no_match_name_key
5890,Max Kepler,PHI,no_match_name_key
4107,Max Llewellyn,Iowa,ambiguous_name_key_3
4561,Max Llewellyn,Iowa,ambiguous_name_key_3
6180,Max Llewellyn,Iowa,ambiguous_name_key_3
7387,Max Llewellyn,Iowa,ambiguous_name_key_3
7836,Max Llewellyn,Iowa,ambiguous_name_key_3
8112,Max Llewellyn,Iowa,ambiguous_name_key_3
10744,Max Llewellyn,,ambiguous_name_key_3
10837,Max Llewellyn,Iowa,ambiguous_name_key_3
5665,Max Muncy,LAD,no_match_name_key
5756,Max Muncy,ATH,no_match_name_key
8805,Maxwell HairstonKentucky,,no_match_name_key
4928,Mello Dotson,,ambiguous_name_key_2
6856,Mello Dotson,,ambiguous_name_key_2
8744,Micah Bernard,Utah,no_match_name_key
7127,Micah Mazzccua,,no_match_name_key
5690,Michael Arroyo,SEA,no_match_name_key
5659,Michael Conforto,LAD,no_match_name_key
5780,Michael Kopech,LAD,no_match_name_key
5796,Michael Massey,KC,no_match_name_key
5811,Michael McGreevy,STL,no_match_name_key
5909,Michael Soroka,WSH,no_match_name_key
10733,Michael Taaffe,,ambiguous_name_key_2
5619,Michael Toglia,COL,no_match_name_key
5750,Michael Wacha,KC,no_match_name_key
5914,Mick Abel,PHI,no_match_name_key
5974,Miguel Amaya,CHC,no_match_name_key
5959,Miguel Bleis,BOS,no_match_name_key
5961,Miguel Vargas,CWS,no_match_name_key
6748,Mike Green,,no_match_name_key
9349,Mike Williams,LAC,no_match_name_key
5966,Mike Yastrzemski,SF,no_match_name_key
8900,Miles FrazierLSU,,no_match_name_key
5998,Miles Mikolas,STL,no_match_name_key
8941,Mitchell EvansNotre,,no_match_name_key
9533,Mitchell Trubisky,BUF,no_match_name_key
5801,MJ Melendez,KC,no_match_name_key
7126,MJ Sherman,,no_match_name_key
10420,Mo Alie-Cox,IND,no_match_name_key
5644,Moises Ballesteros,CHC,no_match_name_key
5872,Moises Chace,PHI,no_match_name_key
6992,Moliki Matavao,,no_match_name_key
7149,Monaray Baldwin,,no_match_name_key
7215,Monkell Goodwine,,no_match_name_key
4935,Montrell Johnson,,ambiguous_name_key_3
5490,Montrell Johnson,,ambiguous_name_key_3
7013,Montrell Johnson Jr.,,ambiguous_name_key_3
9048,Montrell Johnson,,ambiguous_name_key_3
7119,Moose Muhammad,,no_match_name_key
8787,Mykel WilliamsGeorgia,,no_match_name_key
9018,Myles HintonMichigan,,no_match_name_key
8675,Myles Purchase,Iowa State,no_match_name_key
5888,Nacho Alvarez,ATL,no_match_name_key
8727,Nash Jones,Texas State,no_match_name_key
4878,Nazir Stackhouse,,ambiguous_name_key_2
5433,Nazir Stackhouse,,ambiguous_name_key_2
6928,Nazir Stackhouse,,ambiguous_name_key_2
8991,Nazir StackhouseGeorgia,,no_match_name_key
5857,Nelson Rada,LAA,no_match_name_key
7212,Nick Andersen,,no_match_name_key
10341,Nick Folk,NYJ,no_match_name_key
5748,Nick Gonzales,PIT,no_match_name_key
7167,Nick Jackson,,no_match_name_key
4907,Nick Nash,,ambiguous_name_key_2
4991,Nick Nash,San José State,ambiguous_name_key_2
6870,Nick Nash,,ambiguous_name_key_2
8633,Nick Nash,San Jose State,ambiguous_name_key_2
5768,Nick Yorke,PIT,no_match_name_key
6641,Nico Iamaleava,Tennessee,no_match_name_key
8843,Nic ScourtonTexas,,no_match_name_key
8686,Nikko Reed,Oregon,no_match_name_key
6007,Noah Cameron,KC,no_match_name_key
7116,Noah Daniels,,no_match_name_key
5536,Noah Schultz,CWS,no_match_name_key
5683,Noble Meyer,MIA,no_match_name_key
5641,Noelvi Marte,CIN,no_match_name_key
5642,Nolan Gorman,STL,no_match_name_key
5632,Nolan Jones,CLE,no_match_name_key
5980,Nolan McLean,NYM,no_match_name_key
5695,Nolan Schanuel,LAA,no_match_name_key
6665,Nyckoles Harbor,South Carolina,no_match_name_key
4906,O'Donnell Fortune,,no_match_name_key
5044,O'Donnell Fortune,South Carolina,no_match_name_key
6872,O'Donnell Fortune,,no_match_name_key
4720,Oluwafemi Oladejo,,no_match_name_key
6861,Oluwafemi Oladejo,,no_match_name_key
7094,Omari Thomas,,no_match_name_key
8711,Omari Thomas,Tennessee,no_match_name_key
8830,Omarr Norman-LottTennessee,,no_match_name_key
5630,Orelvis Martinez,TOR,no_match_name_key
5646,Orion Kerkering,PHI,no_match_name_key
8761,Oscar Cardenas,UTSA,no_match_name_key
6017,Oswaldo Cabrera,NYY,no_match_name_key
5626,Owen Caissie,CHC,no_match_name_key
5878,Owen Murphy,ATL,no_match_name_key
7074,Paris Shand,,no_match_name_key
8742,Paris Shand,LSU,no_match_name_key
10703,Parker Brailsford,,ambiguous_name_key_2
5567,Parker Meadows,DET,no_match_name_key
5981,Parker Messick,CLE,no_match_name_key
5752,Patrick Bailey,SF,no_match_name_key
5884,Paulino Santana,TEX,no_match_name_key
5807,Pavin Smith,AZ,no_match_name_key
5056,Payton Page,Clemson,no_match_name_key
7195,Payton Page,,no_match_name_key
7189,Payton Thorne,,no_match_name_key
8740,Payton Thorne,Auburn,no_match_name_key
6694,Pearce Spurlin,Georgia,no_match_name_key
6029,Pedro Pages,STL,no_match_name_key
7124,Peny Boone,,no_match_name_key
10596,Peter Woods,,ambiguous_name_key_5
10872,Peter Woods,,ambiguous_name_key_5
10922,Peter Woods,,ambiguous_name_key_5
6638,Peyton Bowen,Oklahoma,no_match_name_key
7067,Phillip Webb,,no_match_name_key
9078,Phil MafahClemson,,no_match_name_key
9805,Pittsburgh Steelers D/ST,PIT,no_match_name_key
5902,PJ Morlando,MIA,no_match_name_key
751,PK Dominic Zvada,,no_match_name_key
5689,Porter Hodge,CHC,no_match_name_key
4922,Power Echols,,ambiguous_name_key_2
7080,Power Echols,,ambiguous_name_key_2
8869,Princely UmanmielenOle,,no_match_name_key
6709,Qua Russaw,Alabama,no_match_name_key
8677,Quentin Skinner,Kansas,no_match_name_key
8919,Que RobinsonAlabama,,no_match_name_key
4749,Quincy Riley,,no_match_name_key
6899,Quincy Riley,,no_match_name_key
7021,Quinn Carroll,,no_match_name_key
8890,Quinn EwersTexas,,no_match_name_key
5570,Quinn Mathews,STL,no_match_name_key
5864,Quinn Priester,MIL,no_match_name_key
8829,Quinshon JudkinsOhio,,no_match_name_key
7136,Quinton Cooley,,no_match_name_key
4855,Raheim Sanders,,ambiguous_name_key_2
6897,Raheim Sanders,,ambiguous_name_key_2
9390,Raheim Sanders,LAC,ambiguous_name_key_2
9888,Raheim Sanders,LAC,ambiguous_name_key_2
10384,Raheim Sanders,LAC,ambiguous_name_key_2
5817,Ralphy Velazquez,CLE,no_match_name_key
6013,Randy Vasquez,SD,no_match_name_key
7069,Rashod Owens,,no_match_name_key
6019,Rayner Arias,SF,no_match_name_key
10713,Rayshaun Benny,,ambiguous_name_key_2
7171,Rayshon Luke,,no_match_name_key
5711,Reid Detmers,LAA,no_match_name_key
8695,Reid Holskey,Miami (OH),no_match_name_key
7096,Reuben Fatheree II,,no_match_name_key
5588,Rhett Lowder,CIN,no_match_name_key
5721,Rhys Hoskins,MIL,no_match_name_key
5810,Richard Fitts,BOS,no_match_name_key
8747,Ricky Barber,UCF,no_match_name_key
5679,Ricky Tiedemann,TOR,no_match_name_key
6851,Riley Leonard,,no_match_name_key
5799,River Ryan,LAD,no_match_name_key
8994,R.J. MickensClemson,,no_match_name_key
7139,R.J. Moten,,no_match_name_key
5469,R.J. ObenNotre,,no_match_name_key
9027,R.J. ObenNotre Dame,,no_match_name_key
10620,R Mason Thomas,,ambiguous_name_key_5
10894,R Mason Thomas,,ambiguous_name_key_5
10944,R Mason Thomas,,ambiguous_name_key_5
9052,Robbie OuztsAlabama,,no_match_name_key
5730,Robby Snelling,MIA,no_match_name_key
5720,Robert Calaz,COL,no_match_name_key
6011,Robert Garcia,TEX,no_match_name_key
5859,Robert Gasser,MIL,no_match_name_key
5788,Robert Hassell,WSH,no_match_name_key
4949,Robert Longerbeam,,no_match_name_key
6940,Robert Longerbeam,,no_match_name_key
8678,Robert McDaniel,Jackson State,no_match_name_key
7194,Robert Scott Jr.,,no_match_name_key
6715,Robert Stafford,Miami (FL),no_match_name_key
7185,Rocco Spindler,,no_match_name_key
5881,Roderick Arias,NYY,no_match_name_key
6671,Roderick Robinson II,Georgia,no_match_name_key
5521,Roman Anthony,BOS,no_match_name_key
5687,Ronny Mauricio,NYM,no_match_name_key
8422,Royce Lewis,MIN,no_match_name_key
7155,Ruben Hyppolite,,no_match_name_key
6653,Rueben Owens,Texas A&M,no_match_name_key
5816,Ryan Bliss,SEA,no_match_name_key
5758,Ryan Clifford,NYM,no_match_name_key
6884,Ryan Fitzgerald,,ambiguous_name_key_2
9828,Ryan Fitzgerald,CAR,ambiguous_name_key_2
5714,Ryan Jeffers,MIN,no_match_name_key
6027,Ryan Johnson,LAA,no_match_name_key
7174,Ryan Linthicum,,no_match_name_key
5631,Ryan Mountcastle,BAL,no_match_name_key
5837,Ryan O'Hearn,BAL,no_match_name_key
5871,Ryan Sloan,SEA,no_match_name_key
5798,Ryan Waldschmidt,AZ,no_match_name_key
5606,Ryan Weathers,MIA,no_match_name_key
8935,Rylie MillsNotre,,no_match_name_key
5722,Ryne Nelson,AZ,no_match_name_key
8891,Sai'vion JonesLSU,,no_match_name_key
5682,Sal Frelick,MIL,no_match_name_key
5740,Sal Stewart,CIN,no_match_name_key
8778,Sal Wormley,Penn State,no_match_name_key
7207,Sam Pinckney,,no_match_name_key
5531,Samuel Basallo,BAL,no_match_name_key
6690,Samuel M'Pemba,Georgia,no_match_name_key
6683,Samuel Omosigho,Oklahoma,no_match_name_key
10398,San Francisco 49ers D/ST,SF,no_match_name_key
5955,Santiago Suarez,TB,no_match_name_key
5675,Sean Burke,CWS,no_match_name_key
5045,Sean Martin,West Virginia,no_match_name_key
7109,Sean Martin,,no_match_name_key
5726,Seaver King,WSH,no_match_name_key
8719,Sebastian Valdez,Washington,no_match_name_key
5530,Sebastian Walcott,TEX,no_match_name_key
8746,Seth Coleman,Illinois,no_match_name_key
5906,Seth Halvorsen,COL,no_match_name_key
4942,Seth Henigan,,ambiguous_name_key_2
7158,Seth Henigan,,ambiguous_name_key_2
4784,Seth McLaughlin,,ambiguous_name_key_2
5339,Seth McLaughlin,,ambiguous_name_key_2
6888,Seth McLaughlin,,ambiguous_name_key_2
8897,Seth McLaughlinOhio,,no_match_name_key
7145,Sevion Morrison,,no_match_name_key
7059,Shaun Dolac,,no_match_name_key
8710,Shaun Dolac,Buffalo,no_match_name_key
8792,Shedeur SandersColorado,,no_match_name_key
8932,Shemar JamesFlorida,,no_match_name_key
8798,Shemar StewartTexas,,no_match_name_key
8861,Shemar TurnerTexas,,no_match_name_key
7007,Shilo Sanders,,no_match_name_key
8691,Shilo Sanders,Colorado,no_match_name_key
8737,ShunDerrick Powell,Central Arkansas,no_match_name_key
7177,Silas Bolden,,no_match_name_key
6943,Simeon Barrow,,no_match_name_key
8631,Simeon Barrow,Miami (FL),no_match_name_key
5835,Simeon Woods Richardson,MIN,no_match_name_key
10477,Simi Fehoko,ARI,no_match_name_key
10716,Skyler Gill-Howard,,ambiguous_name_key_2
5766,Slade Caldwell,AZ,no_match_name_key
10588,Sonny Styles,,ambiguous_name_key_3
10870,Sonny Styles,,ambiguous_name_key_3
10920,Sonny Styles,,ambiguous_name_key_3
5557,Spencer Arrighetti,HOU,no_match_name_key
5725,Spencer Horwitz,PIT,no_match_name_key
5625,Spencer Jones,NYY,no_match_name_key
7218,Spencer Petras,,no_match_name_key
6001,Starling Marte,NYM,no_match_name_key
5894,Starlyn Caba,MIA,no_match_name_key
10502,Sterling Shepard,TB,no_match_name_key
4934,Steve Linton,,no_match_name_key
5026,Steve Linton,Baylor,no_match_name_key
7135,Steve Linton,,no_match_name_key
7091,Steven Parker,,no_match_name_key
8758,Stevo Klotz,Iowa State,no_match_name_key
8767,Stone Blanton,Mississippi State,no_match_name_key
7081,Stone Handy,,no_match_name_key
6629,Suntarine Perkins,Mississippi,no_match_name_key
8979,Tahj BrooksTexas,,no_match_name_key
4841,Tai Felton,,ambiguous_name_key_2
6819,Tai Felton,,ambiguous_name_key_2
5861,Tai Peete,SEA,no_match_name_key
9289,Tanner Hudson,CIN,no_match_name_key
9545,Tanner McKee,PHI,no_match_name_key
8886,Tate RatledgeGeorgia,,no_match_name_key
9532,Taylor Heinicke,LAC,no_match_name_key
6972,Teddye Buchanan,,no_match_name_key
5978,Tekoah Roby,STL,no_match_name_key
5610,Termarr Johnson,PIT,no_match_name_key
8856,Terrance FergusonOregon,,no_match_name_key
8906,Tez JohnsonOregon,,no_match_name_key
5876,Thairo Estrada,COL,no_match_name_key
5645,Thayron Liranzo,DET,no_match_name_key
5847,Theo Gillen,TB,no_match_name_key
5055,Theo Wease Jr.,Missouri,no_match_name_key
6966,Theo Wease Jr.,,no_match_name_key
5729,Thomas Harrington,PIT,no_match_name_key
5028,Thomas Perry,Middlebury,no_match_name_key
5737,Thomas Saggese,STL,no_match_name_key
5589,Thomas White,MIA,no_match_name_key
7036,Thor Griffith,,no_match_name_key
8777,Tim McKay,NC State,no_match_name_key
8956,Tim SmithAlabama,,no_match_name_key
5596,Tink Hence,STL,no_match_name_key
5987,Tirso Ornelas,SD,no_match_name_key
5674,TJ Friedl,CIN,no_match_name_key
5643,Tobias Myers,MIL,no_match_name_key
8946,Tommi HillNebraska,,no_match_name_key
4932,Tommy Akingbesote,,no_match_name_key
7064,Tommy Akingbesote,,no_match_name_key
7188,Tommy Brockermeyer,,no_match_name_key
6005,Tommy Kahnle,DET,no_match_name_key
7106,Tommy Mellott,,no_match_name_key
9571,Tommy Mellott,LV,no_match_name_key
5819,Tommy Troy,AZ,no_match_name_key
5965,Tommy White,ATH,no_match_name_key
5783,Tomoyuki Sugano,BAL,no_match_name_key
4867,Tonka Hemingway,,no_match_name_key
6977,Tonka Hemingway,,no_match_name_key
5785,Tony Gonsolin,LAD,no_match_name_key
6693,Tony Mitchell,Alabama,no_match_name_key
6002,Tony Santillan,CIN,no_match_name_key
5059,Torricelli Simpkins III,South Carolina,no_match_name_key
6989,Torricelli Simpkins III,,no_match_name_key
8894,Tory HortonColorado,,no_match_name_key
7213,Trace Ford,,no_match_name_key
4946,Traeshon Holden,,ambiguous_name_key_2
5501,Traeshon Holden,,ambiguous_name_key_2
7018,Traeshon Holden,,ambiguous_name_key_2
9059,Traeshon HoldenOregon,,no_match_name_key
5527,Travis Bazzana,CLE,no_match_name_key
4667,Travis Hunter,,ambiguous_name_key_2
5222,Travis Hunter,,ambiguous_name_key_2
6722,Travis Hunter,,ambiguous_name_key_2
9153,Travis Hunter,JAX,ambiguous_name_key_2
9660,Travis Hunter,JAX,ambiguous_name_key_2
10150,Travis Hunter,JAX,ambiguous_name_key_2
8780,Travis HunterColorado,,no_match_name_key
5602,Travis Sykora,WSH,no_match_name_key
6646,Tree Babalade,South Carolina,no_match_name_key
8823,Tre HarrisOle,,no_match_name_key
7180,Trejan Bridges,,no_match_name_key
5705,Tre' Morgan,TB,no_match_name_key
5949,Trent Grisham,NYY,no_match_name_key
8771,Tre Stewart,Jacksonville State,no_match_name_key
8809,TreVeyon HendersonOhio,,no_match_name_key
8921,Trevor EtienneGeorgia,,no_match_name_key
5789,Trevor Larnach,MIN,no_match_name_key
5971,Trevor Williams,WSH,no_match_name_key
7134,Tre Williams,,no_match_name_key
8815,Trey AmosOle,,no_match_name_key
10076,Trey Lance,LAC,no_match_name_key
7153,Trey Morrison,,no_match_name_key
8721,Trey Rucker,Oklahoma State,no_match_name_key
7146,Trey Sanders,,no_match_name_key
5727,Trey Sweeney,DET,no_match_name_key
4962,Trey Wedig,,ambiguous_name_key_2
7057,Trey Wedig,,ambiguous_name_key_2
5717,Trey Yesavage,TOR,no_match_name_key
7148,Trikweze Bridges,,no_match_name_key
5989,Ty France,MIN,no_match_name_key
8908,Ty HamiltonOhio,,no_match_name_key
9567,Tylan Wallace,BAL,no_match_name_key
8846,Tyleik WilliamsOhio,,no_match_name_key
5931,Tyler Anderson,LAA,no_match_name_key
9000,Tyler BaronMiami,,no_match_name_key
5814,Tyler Black,MIL,no_match_name_key
8814,Tyler BookerAlabama,,no_match_name_key
6649,Tyler Brown,Clemson,no_match_name_key
6918,Tyler Cooper,,no_match_name_key
8664,Tyler Cooper,Minnesota,no_match_name_key
5609,Tyler Fitzgerald,SF,no_match_name_key
5904,Tyler Holton,DET,no_match_name_key
5771,Tyler Locklear,SEA,no_match_name_key
5991,Tyler Rogers,SF,no_match_name_key
5681,Tyler Stephenson,CIN,no_match_name_key
8782,Tyler WarrenPenn,,no_match_name_key
7144,Tymetrius French,,no_match_name_key
10723,Tyreak Sapp,,ambiguous_name_key_2
4944,Tyreem Powell,,no_match_name_key
5054,Tyreem Powell,Rutgers,no_match_name_key
7065,Tyreem Powell,,no_match_name_key
7184,Tyreke Johnson,,no_match_name_key
8884,Tyrion Ingram-DawkinsGeorgia,,no_match_name_key
8853,Ty RobinsonNebraska,,no_match_name_key
9541,Tyrod Taylor,NYJ,no_match_name_key
7172,Tyrone Howell,,no_match_name_key
8703,Tyron Herring,Delaware,no_match_name_key
9555,Tyson Bagent,CHI,no_match_name_key
5985,Tyson Lewis,CIN,no_match_name_key
4774,Upton Stout,,no_match_name_key
6909,Upton Stout,,no_match_name_key
5849,Vance Honeycutt,BAL,no_match_name_key
5922,Vaughn Grissom,BOS,no_match_name_key
8907,Vernon BroughtonTexas,,no_match_name_key
6698,Vic Burley,Clemson,no_match_name_key
5676,Victor Robles,SEA,no_match_name_key
5529,Walker Jenkins,MIN,no_match_name_key
8804,Walter NolenOle,,no_match_name_key
9077,Warren BrinsonGeorgia,,no_match_name_key
5895,Welbyn Francisca,CLE,no_match_name_key
6720,Wilkin Formby,Alabama,no_match_name_key
8797,Will CampbellLSU,,no_match_name_key
8876,Will HowardOhio,,no_match_name_key
8756,William Wagner,Michigan,no_match_name_key
8790,Will JohnsonMichigan,,no_match_name_key
7098,Will Rogers,,no_match_name_key
7052,Will Sheppard,,no_match_name_key
8669,Will Sheppard,Colorado,no_match_name_key
5963,Will Wagner,TOR,no_match_name_key
5654,Will Warren,NYY,no_match_name_key
5920,Winston Santos,TEX,no_match_name_key
7143,Woodi Washington,,no_match_name_key
8944,Woody MarksUSC,,no_match_name_key
4834,Wyatt Milum,,no_match_name_key
6756,Wyatt Milum,,no_match_name_key
8725,Xavier Carlton,California,no_match_name_key
5593,Xavier Isaac,TB,no_match_name_key
4792,Xavier Restrepo,,ambiguous_name_key_2
5347,Xavier Restrepo,,ambiguous_name_key_2
6826,Xavier Restrepo,,ambiguous_name_key_2
9362,Xavier Restrepo,TEN,ambiguous_name_key_2
9861,Xavier Restrepo,TEN,ambiguous_name_key_2
10505,Xavier Restrepo,TEN,ambiguous_name_key_2
8905,Xavier RestrepoMiami,,no_match_name_key
4863,Xavier Truss,,ambiguous_name_key_2
5418,Xavier Truss,,ambiguous_name_key_2
7014,Xavier Truss,,ambiguous_name_key_2
8976,Xavier TrussGeorgia,,no_match_name_key
8845,Xavier WattsNotre,,no_match_name_key
7002,Xzavier Henderson,,no_match_name_key
4902,Yahya Black,,no_match_name_key
5903,Yairo Padilla,STL,no_match_name_key
5833,Yanquiel Fernandez,COL,no_match_name_key
5855,Yennier Cano,BAL,no_match_name_key
6701,Yhonzae Pierre,Alabama,no_match_name_key
5743,Yilber Diaz,AZ,no_match_name_key
5996,Yimi García,TOR,no_match_name_key
5791,Yoeilin Cespedes,BOS,no_match_name_key
5968,Yohandy Morales,WSH,no_match_name_key
5723,Yoniel Curet,TB,no_match_name_key
5948,Yophery Rodriguez,BOS,no_match_name_key
5694,Zach Dezenzo,HOU,no_match_name_key
5936,Zach McKinstry,DET,no_match_name_key
5701,Zack Littell,TB,no_match_name_key
5615,Zac Veen,COL,no_match_name_key
7104,Zakhari Franklin,,no_match_name_key
9060,Zeek BiggersGeorgia,,no_match_name_key
7095,Zeke Correll,,no_match_name_key
8723,Zeke Correll,NC State,no_match_name_key
8659,Zemaiah Vaughn,Utah,no_match_name_key
8726,Zion Childress,Kentucky,no_match_name_key
4804,Zy Alexander,,ambiguous_name_key_2
5359,Zy Alexander,,ambiguous_name_key_2
6818,Zy Alexander,,ambiguous_name_key_2
8917,Zy AlexanderLSU,,no_match_name_key
5565,Zyhir Hope,LAD,no_match_name_key
7220,Zykeivous Walker,,no_match_name_key
